Fecha,M2_REAL,CETES28,TIIE28,TMS,MBONO10Y,USDMXN,IPC_BMV_RET,ENERGY,WTI
1990-01-01,,42.29,,,,,,3.54226,22.86318181818182
1990-02-01,,44.85,,,,,12.310054828956257,3.541528,22.113
1990-03-01,,46.95,,,,,13.915720357422972,3.541528,20.387727272727275
1990-04-01,,43.1,,,,,12.901038072972716,3.506638,18.4255
1990-05-01,,33.07,,,,,12.933085090106086,3.512385,18.199545454545454
1990-06-01,,32.29,,,,,9.777051451141457,3.796349,16.695238095238096
1990-07-01,,30.05,,,,,7.364296622814825,3.796349,18.454090909090908
1990-08-01,,29.5,,,,,4.829147887628762,3.802437,27.307391304347828
1990-09-01,,30.3,,,,,3.319159879838119,3.831596,33.5075
1990-10-01,,26.49,,,,,9.738370559908132,3.897322,36.039565217391306
1990-11-01,,24.63,,0.9400000000000013,25.57,,5.085274689293716,4.343054,32.33227272727272
1990-12-01,,26.09,,-0.9600000000000009,25.13,,4.9007997872441695,4.579851,27.281
1991-01-01,,23.63,,0.9800000000000004,24.61,,5.205552610196172,4.579919,25.23409090909091
1991-02-01,,22.48,,1.9199999999999982,24.4,,4.536408008196408,4.665019,20.4775
1991-03-01,,22.14,,0.8599999999999994,23.0,,4.680413451704146,4.778705,19.9015
1991-04-01,,21.24,,0.6900000000000013,21.93,,4.98309546982703,4.737265,20.83
1991-05-01,,17.75,,2.3099999999999987,20.06,,5.122227405862732,4.704625,21.23227272727273
1991-06-01,,18.25,,0.2699999999999996,18.52,,4.464083269532844,4.712951,20.189
1991-07-01,,18.0,,0.379999999999999,18.38,,4.923083828133221,4.716742,21.40304347826087
1991-08-01,,15.75,,1.8000000000000007,17.55,,5.060796272252023,4.719975,21.69363636363636
1991-09-01,,18.75,,-0.8000000000000007,17.95,,4.567983726282552,4.723926,21.8865
1991-10-01,,17.9,,-0.6499999999999986,17.25,,5.333516411004556,4.771567,23.23086956521739
1991-11-01,,16.5,,0.120000000000001,16.62,3.0677,0.19563409945688048,5.889232,22.46095238095238
1991-12-01,,17.0,,-0.6400000000000006,16.36,3.0739,4.217930528933245,6.447654,19.49809523809524
1992-01-01,,15.5,,0.21000000000000085,15.71,3.066,-4.178807536020963,6.454699,18.785454545454545
1992-02-01,,13.5,,1.7699999999999996,15.27,3.0608,-2.506446523325426,6.46278,19.0125
1992-03-01,,12.26,,0.09999999999999964,12.36,3.0835,0.4311682419118163,6.49377,18.921818181818182
1992-04-01,,13.0,,-1.1799999999999997,11.82,3.079,6.487981150014004,6.467095,20.23
1992-05-01,,13.48,,-0.4900000000000002,12.99,3.1168,14.105044854695574,6.465476,20.9755
1992-06-01,,16.5,,-2.08,14.42,3.1225,3.0779112738300456,6.512044,22.384545454545453
1992-07-01,,15.96,,0.5399999999999991,16.5,3.1141,-4.079934648364207,6.548912,21.77521739130435
1992-08-01,,16.5,,1.4499999999999993,17.95,3.081,-13.92185467467621,6.579469,21.33904761904762
1992-09-01,,19.0,,0.26000000000000156,19.26,3.1161,12.610252653850743,6.601023,21.881363636363634
1992-10-01,,19.0,,0.33999999999999986,19.34,3.1309,6.39016041852846,6.695525,21.68590909090909
1992-11-01,,17.51,,1.1899999999999977,18.7,3.1159,-4.423294589563617,6.803308,20.3385
1992-12-01,,16.77,,2.1900000000000013,18.96,3.123,2.6174829944816747,6.881198,19.41409090909091
1993-01-01,,17.1,,1.889999999999997,18.99,3.103,-2.656018021218622,6.950668,19.032
1993-02-01,,17.93,,1.7899999999999991,19.72,3.0974,-5.910485655895429,7.016774,20.086111111111112
1993-03-01,,17.21,,1.629999999999999,18.84,3.0976,-1.93785973255069,7.09367,20.32217391304348
1993-04-01,,15.32,,1.8399999999999999,17.16,3.1022,7.80980912421266,7.113284,20.2525
1993-05-01,,15.06,,1.679999999999998,16.74,3.1227,1.9637733208653199,7.144006,19.9495
1993-06-01,,15.3,,1.1499999999999986,16.45,3.1212,-0.3848003880978928,7.223762,19.09409090909091
1993-07-01,,13.37,,1.370000000000001,14.74,3.1204,-0.038486826283274614,7.302624,17.89
1993-08-01,,13.53,,0.46000000000000085,13.99,3.1145,-1.424881026193686,7.384175,18.01090909090909
1993-09-01,,14.11,,-0.6999999999999993,13.41,3.1178,1.4248810261937417,7.462672,17.504285714285714
1993-10-01,,13.04,,0.16000000000000014,13.2,3.1293,3.0750521327726323,7.573646,18.153333333333332
1993-11-01,,12.84,,-0.47000000000000064,12.37,3.1125,-8.359450187254387,7.685591,16.60904761904762
1993-12-01,,10.67,,0.35999999999999943,11.03,3.1099,1.1205384550302917,7.753157,14.514761904761905
1994-01-01,,10.48,,0.2400000000000002,10.72,3.1063,-0.6567404590482077,7.8216,15.026666666666667
1994-02-01,,8.81,,1.7199999999999989,10.53,3.2075,33.494799938262325,7.890456,14.78105263157895
1994-03-01,,11.63,,-0.26000000000000156,11.37,3.35,61.27759753786424,7.976782,14.680869565217392
1994-04-01,,16.25,,-1.0899999999999999,15.16,3.2763,-31.035277129858212,7.987242,16.419999999999998
1994-05-01,,16.5,,-0.08999999999999986,16.41,3.3145,16.95549872443171,7.995334,17.88904761904762
1994-06-01,,15.84,,-0.2699999999999996,15.57,3.3918,25.876628119287712,8.043858,19.06
1994-07-01,,17.0,,-0.6700000000000017,16.33,3.4006,2.4019789015915305,8.06446,19.654500000000002
1994-08-01,,13.49,,-0.08000000000000007,13.41,3.3794,-3.6401683070048048,8.107758,18.383478260869566
1994-09-01,,13.15,,0.2400000000000002,13.39,3.404,2.828272234026728,8.149763,17.445714285714285
1994-10-01,,14.1,,-0.46999999999999886,13.63,3.43,13.972423962619438,8.282209,17.716190476190476
1994-11-01,,13.85,,0.4299999999999997,14.28,3.4498,0.17450230519222967,8.327057,18.069499999999998
1994-12-01,,31.0,,-15.88,15.12,4.94,448.04760035628857,8.439664,17.15952380952381
1995-01-01,,37.01,,-1.5300000000000011,35.48,5.695,199.81792657338835,8.793512,18.039523809523807
1995-02-01,,59.0,,-22.810000000000002,36.19,5.8375,21.16812554432771,8.804557,18.57
1995-03-01,,75.0,,-26.979999999999997,48.02,6.8175,157.54939994777928,9.836499,18.539130434782606
1995-04-01,,71.5,,,,5.8983,-148.25327741711138,11.558906,19.896315789473682
1995-05-01,,48.0,,,,6.1775,25.330186346851516,11.437162,19.741818181818182
1995-06-01,,40.75,,,,6.3092,15.432311452957464,11.531098,18.44590909090909
1995-07-01,,38.59,,-1.480000000000004,37.11,6.0882,-28.432845277709603,11.727091,17.325499999999998
1995-08-01,,35.4,,1.2000000000000028,36.6,6.3114,31.400040159586634,11.843321,18.020869565217392
1995-09-01,,33.97,,2.1400000000000006,36.11,6.4042,20.56743684490431,11.955109,18.2255
1995-10-01,,42.23,,-1.7999999999999972,40.43,7.1717,135.34381733400116,12.346809,17.43318181818182
1995-11-01,,53.46,,,,7.6517,65.28444191230253,12.804286,17.9925
1995-12-01,,46.81,,,,7.6842,30.287550073665585,13.357448,19.026500000000002
1996-01-01,,37.23,,3.6799999999999997,40.91,7.3908,-50.411085010861186,13.884423,18.854545454545455
1996-02-01,,40.17,,2.9399999999999977,43.11,7.539,33.23358013437586,14.185632,19.0935
1996-03-01,,38.94,,4.830000000000005,43.77,7.5526,-14.573828675114116,14.442477,21.33238095238095
1996-04-01,,31.86,,6.230000000000004,38.09,7.4042,-14.624072285293728,14.904647,23.497142857142858
1996-05-01,,25.58,,8.920000000000002,34.5,7.4095,-4.100360483780309,14.809078,21.165454545454544
1996-06-01,,28.29,,5.270000000000003,33.56,7.6323,25.693213308976954,15.015978,20.4235
1996-07-01,,29.89,,4.950000000000003,34.84,7.6135,1.249777644657107,15.242911,21.302272727272726
1996-08-01,,24.38,,8.360000000000003,32.74,7.5205,-0.9807282188868695,15.499356,21.903181818181817
1996-09-01,,23.28,,6.969999999999999,30.25,7.5374,-4.947479753510323,15.760789,23.9715
1996-10-01,,29.34,,-1.2100000000000009,28.13,7.9172,76.31948990862789,16.32784,24.87913043478261
1996-11-01,,29.08,,-2.1099999999999994,26.97,7.8858,-23.3069657132367,16.97959,23.705000000000002
1996-12-01,,27.25,,-1.5399999999999991,25.71,7.8509,-3.4561314990792273,17.808887,25.228571428571428
1997-01-01,,21.91,25.225,4.030000000000001,25.94,7.8393,-7.433110689836869,18.100583,25.13181818181818
1997-02-01,,18.59,23.0,5.550000000000001,24.14,7.7844,23.14119206839361,18.336494,22.176315789473687
1997-03-01,,20.59,22.55,3.5100000000000016,24.1,7.8905,-6.443150786348162,18.584339,20.965
1997-04-01,,19.71,22.785,4.43,24.14,7.9267,3.112724622334151,18.576164,19.695454545454545
1997-05-01,,18.31,21.69,4.75,23.06,7.9082,-5.3237297909915515,18.41329,20.81904761904762
1997-06-01,,20.9,22.445,1.7100000000000009,22.61,7.9577,5.097347443112591,18.66756,19.26
1997-07-01,,17.7,20.4,3.030000000000001,20.73,7.8088,-19.10887784612766,18.921858,19.663636363636364
1997-08-01,,19.58,22.46,1.6000000000000014,21.18,7.7746,-6.073004166229407,19.060365,19.95285714285714
1997-09-01,,16.91,20.1,4.309999999999999,21.22,7.8199,-2.252507732612653,19.27763,19.803333333333335
1997-10-01,,20.94,23.775,-0.8100000000000023,20.13,8.1033,88.90860855429987,19.87679,21.32521739130435
1997-11-01,,20.18,21.76,1.870000000000001,22.05,8.2165,-22.40593864949215,20.661778,20.19388888888889
1997-12-01,,18.75,20.225,1.2899999999999991,20.04,8.0833,-21.43335280614239,21.057501,18.332727272727272
1998-01-01,,17.33,19.4,2.620000000000001,19.95,8.464,57.52716487386066,21.408353,16.724
1998-02-01,,20.06,21.74,0.41000000000000014,20.47,8.5583,8.617073332830042,21.614165,16.06
1998-03-01,,19.85,21.77,1.5799999999999983,21.43,8.5165,-0.8589281366449151,21.836261,15.115454545454547
1998-04-01,,18.08,19.725,2.4400000000000013,20.52,8.4818,-4.148396159142002,21.827142,15.353809523809524
1998-05-01,,19.15,21.985,1.8500000000000014,21.0,8.7873,45.29781661481169,21.179541,14.914000000000001
1998-06-01,,19.5,22.95,3.6999999999999993,23.2,9.0407,22.75818705213979,21.324485,13.72181818181818
1998-07-01,,20.01,22.65,4.479999999999997,24.49,8.9178,-8.537622503438156,21.52649,14.172727272727274
1998-08-01,,27.16,34.75,0.8299999999999983,27.99,9.96,133.544384500278,21.634566,13.47190476190476
1998-09-01,,37.6,38.3,,,10.1062,26.375472892037685,21.818989,15.031428571428572
1998-10-01,,33.13,36.835,,,10.2198,-9.407641623913156,22.408122,14.460909090909091
1998-11-01,,32.29,36.55,,,9.9404,-13.627018342813384,24.217535,13.002105263157894
1998-12-01,,31.2,34.215,,,9.865,-12.448970201298431,24.990991,11.347272727272726
1999-01-01,,33.09,34.925,-1.8200000000000038,31.27,10.1752,30.883573423275266,25.197423,12.514736842105263
1999-02-01,,26.71,29.645,1.5799999999999983,28.29,9.9836,-25.10142074692738,25.560761,12.013684210526316
1999-03-01,,21.67,23.89,3.4299999999999997,25.1,9.5158,-52.07460469467571,25.823763,14.676521739130434
1999-04-01,,19.93,23.09,3.330000000000002,23.26,9.2871,-35.44019066563663,25.869598,17.312380952380952
1999-05-01,,19.8,23.6,2.9399999999999977,22.74,9.7498,56.1060145420818,24.981011,17.7185
1999-06-01,,20.48,23.32,3.0700000000000003,23.55,9.4875,-30.90493423443781,25.185029,17.923181818181817
1999-07-01,,19.76,23.71,3.8199999999999967,23.58,9.426,-5.082297599489093,25.521855,20.103333333333335
1999-08-01,,19.68,23.76,5.780000000000001,25.46,9.3819,-2.04407586953007,25.768889,21.278636363636362
1999-09-01,,19.64,23.28,4.370000000000001,24.01,9.3582,-4.701793740748852,26.195014,23.796666666666667
1999-10-01,,17.73,22.235,5.149999999999999,22.88,9.6357,35.00324590319993,26.83245,22.69142857142857
1999-11-01,,17.31,19.825,3.3200000000000003,20.63,9.355,-24.306860326533663,28.189403,25.00238095238095
1999-12-01,,16.25,18.685,2.5100000000000016,18.76,9.5222,8.443507308696,28.92451,26.10238095238095
2000-01-01,,16.76,18.81,2.0599999999999987,18.82,9.5123,15.900755032354692,29.224948,27.259473684210523
2000-02-01,,15.29,17.755,1.9800000000000004,17.27,9.3748,-32.745100983486736,29.582911,29.366000000000003
2000-03-01,,12.88,14.91,3.01,15.89,9.2331,-10.513345569431905,30.002616,29.84173913043478
2000-04-01,,12.77,15.215,4.27,17.04,9.4521,16.456197818075108,30.193813,25.722105263157896
2000-05-01,,15.36,17.72,2.25,17.61,9.5326,12.46701871200688,29.614463,28.78818181818182
2000-06-01,,17.01,18.3,-0.13000000000000256,16.88,9.9538,38.891861877075506,29.964769,31.82227272727273
2000-07-01,,13.55,15.075,2.289999999999999,15.84,9.361,-57.23767441643024,30.3616,29.69684210526316
2000-08-01,,15.01,16.705,1.9399999999999995,16.95,9.2317,-21.614053958529965,30.919608,31.26391304347826
2000-09-01,,15.1,17.24,1.0099999999999998,16.11,9.429,31.717980209088246,31.504948,33.884
2000-10-01,,16.87,18.5,-0.21000000000000085,16.66,9.6443,14.935411444300788,32.291081,33.108636363636364
2000-11-01,,18.08,18.925,-0.9599999999999973,17.12,9.4058,-18.803632423531702,33.799386,34.417142857142856
2000-12-01,,17.59,18.47,-0.46999999999999886,17.12,9.5997,24.511372401060132,34.31369,28.436500000000002
2001-01-01,,18.22,18.9375,-0.3299999999999983,17.89,9.6687,9.081245459058135,34.734036,29.585714285714282
2001-02-01,,16.83,18.275,1.2200000000000024,18.05,9.6618,2.4389623207203304,35.085928,29.609473684210528
2001-03-01,,15.43,16.91,1.25,16.68,9.5203,-26.156757152854237,35.011094,27.244545454545456
2001-04-01,,13.92,15.745,1.5999999999999996,15.52,9.2671,-30.675378105461988,34.522787,27.49
2001-05-01,,10.76,12.67,3.4800000000000004,14.24,9.0851,-9.138091151049775,33.408856,28.62909090909091
2001-06-01,,8.92,11.565,3.0700000000000003,11.99,9.09,-14.817518978950078,33.408759,27.59904761904762
2001-07-01,,9.4,10.95,3.42,12.82,9.192,9.224935060880197,32.202397,26.4247619047619
2001-08-01,,7.61,10.4,3.88,11.49,9.1438,7.746690080320254,31.704062,27.37391304347826
2001-09-01,,9.67,12.34,2.8200000000000003,12.49,9.5542,39.74323414433271,32.320746,26.199473684210528
2001-10-01,,7.02,10.2,5.82,12.84,9.2421,-32.69441197787958,32.813583,22.169565217391302
2001-11-01,,7.0,10.3,4.43,11.43,9.2762,1.8010725591560994,34.08764,19.634999999999998
2001-12-01,,6.75,8.39,3.33,10.08,9.1423,-12.834764605899261,33.880942,19.388947368421054
2002-01-01,,7.85,9.4,1.25,9.1,9.1714,-3.0399998787102223,33.59322,19.714761904761904
2002-02-01,,7.28,8.7,1.8299999999999992,9.11,9.0815,-2.101047777474031,34.740261,20.723684210526315
2002-03-01,,7.48,8.5,0.5399999999999991,8.02,9.0243,-15.117331244548648,35.482566,24.531
2002-04-01,,5.28,6.85,2.0599999999999996,7.34,9.3196,46.470892689688824,35.818161,26.179090909090913
2002-05-01,,6.93,7.975,0.8000000000000007,7.73,9.6134,35.848410534643705,35.513408,27.041363636363634
2002-06-01,,8.06,10.35,0.05999999999999872,8.12,9.9615,36.7866464900769,35.838425,25.5185
2002-07-01,,6.82,8.25,1.9699999999999989,8.79,9.6944,-20.751268006017995,35.710449,26.966190476190473
2002-08-01,,6.69,7.915,1.87,8.56,9.9193,15.20658009598576,35.962271,28.385
2002-09-01,,8.6,10.125,-0.08999999999999986,8.51,10.1667,38.015571804283674,36.499794,29.6635
2002-10-01,,7.54,9.065,2.13,9.67,10.1593,-8.79469820954848,37.641101,28.836521739130436
2002-11-01,,6.81,8.54,2.3600000000000003,9.17,10.1193,-1.0284853622187302,39.721843,26.352105263157895
2002-12-01,,6.98,8.65,1.4299999999999997,8.41,10.3125,34.138454355885905,39.586398,29.460952380952378
2003-01-01,,9.08,9.915,0.7599999999999998,9.84,10.9863,52.5817032990037,40.317805,32.94714285714286
2003-02-01,,9.3,10.0,-0.11000000000000121,9.19,11.0329,13.728937813376971,40.475936,35.828421052631576
2003-03-01,,8.43,9.415,0.6899999999999995,9.12,10.7671,-26.78228419815396,40.811107,33.513333333333335
2003-04-01,,6.73,7.575,1.5999999999999996,8.33,10.4304,-55.648719109268136,40.660787,28.170476190476194
2003-05-01,,4.91,6.375,1.6899999999999995,6.6,10.3205,4.384214357463435,38.25213,28.108571428571427
2003-06-01,,5.11,5.75,1.3999999999999995,6.51,10.4808,11.471733165325922,38.295327,30.66238095238095
2003-07-01,,4.14,5.39,2.45,6.59,10.4878,9.995621046258437,38.281754,30.754545454545454
2003-08-01,,4.65,5.63,1.9799999999999995,6.63,10.9806,58.22074677555353,38.515437,31.573809523809523
2003-09-01,,4.47,5.45,1.8399999999999999,6.31,10.9272,-3.7206296124638527,38.862248,28.31142857142857
2003-10-01,,4.86,5.695,1.0599999999999996,5.92,11.1078,4.263616047067766,39.404928,30.338260869565215
2003-11-01,,5.78,6.6,0.6399999999999997,6.42,11.3385,36.99014529306125,41.870144,31.108333333333334
2003-12-01,,6.04,6.54,0.9100000000000001,6.95,11.236,-17.10247762041807,42.006997,32.12904761904762
2004-01-01,,4.69,5.335,1.0699999999999994,5.76,11.0843,-23.269038857032996,42.221153,34.31
2004-02-01,,6.21,6.8,0.04999999999999982,6.26,11.0715,4.260488127263236,42.577154,34.68473684210526
2004-03-01,,6.21,6.465,0.4500000000000002,6.66,11.154,12.326398892519153,42.916155,36.74130434782609
2004-04-01,,6.0,6.525,0.17999999999999972,6.18,11.3387,24.92108286120997,42.839889,36.75
2004-05-01,,6.41,7.3,1.67,8.08,11.4515,0.5678233544434235,41.009551,40.275
2004-06-01,,6.58,7.65,1.6500000000000004,8.23,11.4116,11.623202835463871,41.493825,38.025238095238095
2004-07-01,,7.16,7.8,1.0899999999999999,8.25,11.4302,-12.338283522280289,41.792476,40.77809523809524
2004-08-01,,7.32,7.93,1.2300000000000004,8.55,11.3739,-2.864591550161369,42.1854,44.90318181818182
2004-09-01,,7.61,8.34,0.9500000000000002,8.56,11.4106,0.811626313929278,42.570304,45.93571428571428
2004-10-01,,7.97,8.59,0.7299999999999995,8.7,11.5293,15.764770465125782,43.309225,53.28047619047619
2004-11-01,,8.36,8.99,0.7200000000000006,9.08,11.247,-31.792800151208255,45.91591,48.469
2004-12-01,,8.61,9.11,0.0,8.61,11.2648,-9.41273788224359,46.215492,43.14952380952381
2005-01-01,,8.63,9.14,-0.02000000000000135,8.61,11.2991,6.932713482057362,46.464921,46.837
2005-02-01,,9.23,9.75,0.009999999999999787,9.24,11.0955,-12.65060616686622,46.274182,48.148947368421055
2005-03-01,,9.57,10.075,0.3100000000000005,9.88,11.2942,8.813586767221153,46.518552,54.186818181818175
2005-04-01,,9.61,10.25,0.6900000000000013,10.3,11.1159,-10.252740760552937,46.002014,52.97904761904762
2005-05-01,,9.69,10.1,0.4900000000000002,10.18,10.903,-18.241014528133725,43.076474,49.83380952380952
2005-06-01,,9.61,10.02,0.10000000000000142,9.71,10.8428,-15.578886652348825,43.297159,56.35227272727273
2005-07-01,,9.63,10.04,-0.040000000000000924,9.59,10.6201,-19.0267258362023,43.581625,58.99550000000001
2005-08-01,,9.57,9.94,0.0600000000000005,9.63,10.8936,21.729893187846084,43.839365,64.98521739130435
2005-09-01,,9.02,9.32,-0.08000000000000007,8.94,10.8495,-0.9782216547121672,44.122406,65.58666666666666
2005-10-01,,8.82,9.15,-0.009999999999999787,8.81,10.9092,-0.5561632253202919,45.291669,62.260000000000005
2005-11-01,,8.61,9.125,-0.05999999999999872,8.55,10.567,-23.18630523006226,48.934188,58.322500000000005
2005-12-01,,8.02,8.44,-0.09999999999999964,7.92,10.7109,6.233721480992348,49.510507,59.411904761904765
2006-01-01,,7.73,8.025,-0.03000000000000025,7.7,10.4598,-21.760086131128077,50.284734,65.485
2006-02-01,,7.48,7.85,0.03999999999999915,7.52,10.4761,1.4584222319303317,49.974989,61.631052631578946
2006-03-01,,7.27,7.74,0.3000000000000007,7.57,10.951,49.188365714796696,50.218052,62.68521739130435
2006-04-01,,7.03,7.545,0.6799999999999997,7.71,11.1135,21.485485571756772,49.974486,69.44368421052631
2006-05-01,,7.01,7.65,0.4300000000000006,7.44,11.1303,22.11713171224053,46.714742,70.84409090909091
2006-06-01,,7.02,7.69,0.54,7.56,11.3973,-2.5840879500815714,46.840536,70.9509090909091
2006-07-01,,7.02,7.525,0.4900000000000002,7.51,10.8968,-38.31171162987516,47.081225,74.41105263157894
2006-08-01,,7.02,7.45,0.46000000000000085,7.48,10.9047,-1.583737593436357,47.268602,73.04304347826087
2006-09-01,,7.05,7.59,0.4800000000000004,7.53,11.0502,9.842409450547246,47.338459,63.798
2006-10-01,,7.04,7.63,0.45999999999999996,7.5,10.7093,-25.316347424661686,48.008009,58.89318181818182
2006-11-01,,7.05,7.6363,0.23000000000000043,7.28,11.0454,25.752889651294097,51.359916,59.0825
2006-12-01,,7.02,7.66,0.25,7.27,10.8755,-20.458010929620713,51.697189,61.959
2007-01-01,,7.06,7.72,0.40000000000000036,7.46,11.0855,24.890822733921855,52.068852,54.50619047619048
2007-02-01,,7.03,7.615,0.34999999999999964,7.38,11.079,14.050164109757928,51.969303,59.27894736842105
2007-03-01,,7.03,7.66,0.4899999999999993,7.52,11.0507,-14.702621716088192,51.939988,60.441818181818185
2007-04-01,,7.0,7.5888,0.3799999999999999,7.38,10.9312,-11.409922026357302,50.598455,63.977
2007-05-01,,7.22,7.825,0.3799999999999999,7.6,10.7873,-20.299206371924868,48.416545,63.45454545454545
2007-06-01,,7.19,7.81,0.3899999999999997,7.58,10.7926,5.582416017615772,48.580215,67.48904761904762
2007-07-01,,7.19,7.7833,0.3199999999999994,7.51,10.9973,14.661883261675742,48.813539,74.11761904761904
2007-08-01,,7.23,7.757,0.39999999999999947,7.63,11.1062,12.073800586522692,49.035482,72.35608695652174
2007-09-01,,7.19,7.775,0.5099999999999998,7.7,10.9203,-11.612659072622428,49.308197,79.91473684210526
2007-10-01,,7.2,7.7975,0.4500000000000002,7.65,10.7112,-25.42782971407325,50.803142,85.7986956521739
2007-11-01,,7.44,8.02,0.4399999999999995,7.88,10.9345,21.61259581350081,53.295126,94.77238095238096
2007-12-01,,7.44,7.99,0.40999999999999925,7.85,10.8662,2.079542067704201,53.459774,91.687
2008-01-01,,7.43,7.97,0.39000000000000057,7.82,10.8444,-9.879597151164363,53.810608,92.97047619047619
2008-02-01,,7.42,7.94,0.009999999999999787,7.43,10.7344,-11.348313155222009,54.027243,95.386
2008-03-01,,7.43,7.9425,0.07000000000000028,7.5,10.6962,-8.545596998787156,54.485104,105.454
2008-04-01,,7.43,7.98,0.16999999999999993,7.6,10.4464,-15.733504522247497,53.126042,112.58045454545454
2008-05-01,,7.44,7.94,0.40999999999999925,7.85,10.3066,-20.603094384545937,50.994858,125.39761904761905
2008-06-01,,7.74,8.3675,0.14999999999999947,7.89,10.2841,-2.7561490008321714,51.418307,133.88
2008-07-01,,8.09,8.675,0.5600000000000005,8.65,10.061,-32.045636034904426,51.83622,133.3709090909091
2008-08-01,,8.21,8.7375,0.5099999999999998,8.72,10.1822,29.458172183488404,52.460948,116.66619047619047
2008-09-01,,8.15,8.73,0.5099999999999998,8.66,10.7919,78.65469422384191,52.853882,104.11428571428571
2008-10-01,,7.22,8.8075,1.1499999999999995,8.37,12.9142,175.65939464108925,54.90737,76.6086956521739
2008-11-01,,7.82,8.85,0.6899999999999995,8.51,13.2325,56.242288576946294,57.826992,57.30947368421053
2008-12-01,,7.97,8.7435,0.10000000000000053,8.07,13.5383,45.0798727215929,57.751539,41.121818181818185
2009-01-01,,7.31,8.085,-0.0699999999999994,7.24,14.1975,40.70007983746748,56.931377,41.71
2009-02-01,,7.24,7.805,-0.08000000000000007,7.16,14.9322,62.10613459462608,56.710478,39.08736842105263
2009-03-01,,6.52,7.04,0.9600000000000009,7.48,14.3317,-75.42957952151514,56.745153,47.939090909090915
2009-04-01,,5.74,6.0858,0.3899999999999997,6.13,13.8667,-26.35339516769071,55.271328,49.64666666666666
2009-05-01,,5.09,5.335,0.3200000000000003,5.41,13.2337,-60.21921683344305,52.519458,59.028499999999994
2009-06-01,,4.72,5.04,0.4800000000000004,5.2,13.2023,0.5011598886765097,52.571158,69.64090909090909
2009-07-01,,4.51,4.91,0.6100000000000003,5.12,13.2643,3.6657636893529912,52.555962,64.15227272727272
2009-08-01,,4.47,4.97,0.6600000000000001,5.13,13.2462,9.183314378587053,52.801253,71.04476190476191
2009-09-01,,4.5,5.03,0.8600000000000003,5.36,13.5042,16.00811599167389,52.684925,69.40809523809523
2009-10-01,,4.52,5.05,0.8700000000000001,5.39,13.0825,-31.07299174163022,54.483443,75.71545454545455
2009-11-01,,4.49,5.045,0.7400000000000002,5.23,12.9475,-21.382109319042435,57.643423,77.99
2009-12-01,,4.51,5.075,0.5600000000000005,5.07,13.0587,13.874588779861236,57.911009,74.47
2010-01-01,,4.48,4.99,0.5099999999999998,4.99,12.9975,-5.163435985768822,58.61646,78.32578947368421
2010-02-01,,4.49,5.035,0.5099999999999998,5.0,12.8503,-21.676879921065137,59.082338,76.38736842105263
2010-03-01,,4.45,5.015,0.6299999999999999,5.08,12.464,-42.66585026689167,59.492929,81.20347826086957
2010-04-01,,4.45,5.045,0.6399999999999997,5.09,12.3698,-6.6359975887531855,58.080837,84.29285714285714
2010-05-01,,4.55,5.03,0.41000000000000014,4.96,12.8846,62.16536943325918,54.866047,73.7435
2010-06-01,,4.59,5.04,0.27000000000000046,4.86,12.6567,-6.568670875669623,55.044429,75.3359090909091
2010-07-01,,4.6,5.0,0.20000000000000018,4.8,12.7038,-18.699769527141886,55.28573,76.31952380952382
2010-08-01,,4.47,4.959,0.3100000000000005,4.78,13.0148,48.54941537009472,55.745354,76.59909090909092
2010-09-01,,4.36,4.955,0.3799999999999999,4.74,12.5011,-52.893991184442086,56.16146,75.24190476190476
2010-10-01,,3.84,4.94,0.8200000000000003,4.66,12.4023,-25.128331617804534,58.279186,81.89285714285714
2010-11-01,,4.17,4.945,0.34999999999999964,4.52,12.489,12.355632818227827,61.486179,84.25285714285714
2010-12-01,,4.45,4.96,0.41000000000000014,4.86,12.3571,-11.296021516527835,61.64005,89.14590909090909
2011-01-01,,4.05,4.9,0.71,4.76,12.0239,-19.365765268767472,62.204359,89.1705
2011-02-01,,4.14,4.8586,0.6800000000000006,4.82,12.173,-4.521381713965676,62.558416,88.57842105263158
2011-03-01,,4.3,4.88,0.4500000000000002,4.75,11.9678,-19.768421536674595,63.036857,102.85652173913043
2011-04-01,,4.24,4.9,0.6899999999999995,4.93,11.5428,-38.97902876289736,60.986473,109.5325
2011-05-01,,4.39,4.89,0.4500000000000002,4.84,11.6256,5.214283407887166,57.266621,100.90047619047618
2011-06-01,,4.33,4.8798,0.3899999999999997,4.72,11.8389,14.935174119454215,57.585545,96.26409090909091
2011-07-01,,4.08,4.855,0.5700000000000003,4.65,11.6821,1.9944177951861424,57.931412,97.3035
2011-08-01,,4.17,4.83,0.34999999999999964,4.52,12.4148,60.335241265079915,58.21525,86.33304347826088
2011-09-01,,4.34,4.8125,0.1200000000000001,4.46,13.4217,133.3572075806034,58.589842,85.51523809523809
2011-10-01,,4.37,4.81,0.03000000000000025,4.4,13.1973,-55.09129138922946,61.531669,86.32238095238095
2011-11-01,,4.32,4.8,0.14999999999999947,4.47,14.0344,38.50693583678016,66.225023,97.16047619047619
2011-12-01,,4.31,4.795,0.2600000000000007,4.57,13.9787,29.40316055058109,66.759069,98.56285714285715
2012-01-01,,4.24,4.7985,0.46999999999999975,4.71,12.9504,-83.71915277597634,67.167259,100.2735
2012-02-01,,4.35,4.79,0.25,4.6,12.8779,-20.33789300234845,67.562033,102.204
2012-03-01,,4.28,4.7875,0.35999999999999943,4.64,12.8489,1.89386875987544,67.859855,106.15772727272729
2012-04-01,,4.33,4.7528,0.2400000000000002,4.57,13.2093,17.197961342790066,65.574504,103.321
2012-05-01,,4.44,4.785,0.16999999999999993,4.61,13.9169,115.30206064176112,61.649341,94.65454545454546
2012-06-01,,4.27,4.7975,0.34000000000000075,4.61,13.653,-77.64813403637862,62.118518,82.30333333333333
2012-07-01,,4.13,4.7934,0.4500000000000002,4.58,13.2837,-11.24852289074123,62.572631,87.8952380952381
2012-08-01,,4.15,4.809,0.4399999999999995,4.59,13.2746,-2.369219018018072,63.066229,94.13130434782609
2012-09-01,,4.12,4.82,0.46999999999999975,4.59,12.8521,-35.60770459019105,62.980909,94.51368421052632
2012-10-01,,4.22,4.87,0.41999999999999993,4.64,13.09,20.486927028149715,65.235935,89.4913043478261
2012-11-01,,4.25,4.86,0.5099999999999998,4.76,13.0372,-15.15592117952952,70.029844,86.53142857142858
2012-12-01,,3.91,4.87,0.71,4.62,13.0101,3.6149351854841796,70.512277,87.8595
2013-01-01,,4.23,4.84,0.35999999999999943,4.59,12.7134,-23.967893415429575,70.928794,94.75666666666667
2013-02-01,,4.13,4.7999,0.1900000000000004,4.32,12.868,6.600536867961556,71.261827,95.30894736842104
2013-03-01,,3.95,4.3425,0.2699999999999996,4.22,12.3546,-39.93574782942687,71.836785,92.9385
2013-04-01,,3.76,4.34,0.35000000000000053,4.11,12.155,-21.114684498173116,69.820643,92.02136363636363
2013-05-01,,3.71,4.3075,0.27,3.98,12.6328,63.301928121581874,66.727719,94.50954545454546
2013-06-01,,3.82,4.326,0.26000000000000023,4.08,13.0235,20.849568673107875,67.312849,95.77250000000001
2013-07-01,,3.9,4.3183,0.10999999999999988,4.01,12.7321,-16.83551419319093,67.739582,104.67090909090908
2013-08-01,,3.83,4.3091,0.16999999999999993,4.0,13.3104,45.37903379517401,68.19303,106.57272727272726
2013-09-01,,3.5,4.0286,0.20999999999999996,3.71,13.0119,-15.097385009479519,68.593002,106.2895
2013-10-01,,3.38,3.7775,0.1499999999999999,3.53,12.8903,-15.400457349371198,71.513757,100.53826086956522
2013-11-01,,3.4,3.7985,0.20000000000000018,3.6,13.0836,9.501979439635988,75.774228,93.864
2013-12-01,,3.18,3.7975,0.45999999999999996,3.64,13.0765,-2.3638647964125385,76.365363,97.6252380952381
2014-01-01,,3.18,3.7818,0.48,3.66,13.3671,26.539560703907565,77.784839,94.61714285714285
2014-02-01,,3.15,3.8035,0.6299999999999999,3.78,13.2992,-12.5344933329701,78.462413,100.81736842105263
2014-03-01,,3.19,3.808,0.4900000000000002,3.68,13.0837,-16.704462522822872,78.899985,100.80380952380953
2014-04-01,,3.25,3.8067,0.41000000000000014,3.66,13.1356,3.2312125088383827,76.419866,102.06904761904761
2014-05-01,,3.31,3.8014,0.2999999999999998,3.61,12.8462,-21.19742220414693,72.643016,102.17714285714285
2014-06-01,,2.9,3.32,0.20000000000000018,3.1,13.0323,10.247777331274644,72.979893,105.7942857142857
2014-07-01,,2.8,3.3175,0.22999999999999998,3.03,13.0578,23.42534336482345,73.419095,103.58863636363638
2014-08-01,,2.76,3.3025,0.25,3.01,13.1109,-13.741443992696974,73.531425,96.53619047619047
2014-09-01,,2.86,3.297,0.22999999999999998,3.09,13.4541,32.29552162335816,73.779942,93.21190476190476
2014-10-01,,2.9,3.29,0.27,3.17,13.4239,3.9509071263715296,77.047432,84.39695652173914
2014-11-01,,2.76,3.3185,0.41000000000000014,3.17,13.7667,36.75626541927484,81.252255,75.78947368421052
2014-12-01,,2.74,3.3155,0.48,3.22,14.718,70.8274224350559,81.277344,59.29045454545455
2015-01-01,,2.75,3.2885,0.48,3.23,14.8414,19.94805419787634,81.049036,47.219
2015-02-01,,2.9,3.305,0.31000000000000005,3.21,14.9624,-2.6609860021296226,81.021689,50.58421052631579
2015-03-01,,3.05,3.3265,0.48,3.53,15.1542,24.57266535833772,82.067471,47.82363636363636
2015-04-01,,2.85,3.3075,0.6499999999999999,3.5,15.2225,8.358800089662605,78.800631,54.45285714285714
2015-05-01,,2.99,3.305,0.5199999999999996,3.51,15.3737,0.7882183752274884,75.074794,59.265
2015-06-01,,2.98,3.3125,0.56,3.54,15.5676,23.4778257706871,75.284948,59.819545454545455
2015-07-01,,3.01,3.3278,0.6200000000000001,3.63,16.214,29.60613101495772,75.335844,50.90090909090909
2015-08-01,,3.12,3.3505,0.5800000000000001,3.7,16.8863,51.55006999522097,75.427884,42.86761904761905
2015-09-01,,3.02,3.3385,0.7000000000000002,3.72,17.0073,8.7200055999822,75.339581,45.47952380952381
2015-10-01,,3.05,3.3125,0.48,3.53,16.6219,-27.34692693124238,77.822031,46.22363636363636
2015-11-01,,3.03,3.405,0.6700000000000004,3.7,16.5492,4.436127069566956,81.677168,42.4435
2015-12-01,,3.05,3.58,0.6300000000000003,3.68,17.2065,47.042315166474715,81.328634,37.18863636363636
2016-01-01,,3.14,3.5882,0.43999999999999995,3.58,18.2906,63.99313093951432,80.692599,31.683157894736844
2016-02-01,,3.85,4.08,-0.3200000000000003,3.53,18.168,-6.050349635914597,80.497372,30.323
2016-03-01,,3.76,4.115,0.35000000000000053,4.11,17.4015,-58.75703187926981,80.268579,37.54636363636364
2016-04-01,,3.76,4.115,0.28000000000000025,4.04,17.2125,-4.205306261997254,77.912364,40.7552380952381
2016-05-01,,3.9,4.1915,0.5699999999999998,4.47,18.4527,83.3255389533009,73.719448,46.712380952380954
2016-06-01,,3.86,4.2225,0.6099999999999999,4.47,18.9113,3.4363464599441698,74.111697,48.75727272727273
2016-07-01,,4.21,4.6875,0.5800000000000001,4.79,18.8979,20.560904416805528,74.921229,44.6515
2016-08-01,,4.23,4.6475,0.5299999999999994,4.76,18.5773,4.934553026192842,75.752922,44.72434782608696
2016-09-01,,4.41,4.7932,0.45999999999999996,4.87,19.5002,32.419391740627844,75.368924,45.18238095238095
2016-10-01,,4.68,5.2,0.5500000000000007,5.23,18.8443,-30.6646801447284,78.613441,49.775238095238095
2016-11-01,,5.48,5.8811,-0.17000000000000082,5.31,20.5521,99.14020601224367,83.121254,45.66095238095238
2016-12-01,,5.69,6.1875,0.5199999999999996,6.21,20.664,6.062018633686637,83.298911,51.9704761904762
2017-01-01,,5.77,6.3533,0.9100000000000001,6.68,21.0212,9.93384115889599,93.853853,52.504
2017-02-01,,6.24,6.6949,0.7000000000000002,6.94,19.8335,-46.791996875863624,94.308133,53.46842105263158
2017-03-01,,6.43,6.8506,0.4900000000000002,6.92,18.8092,-74.27972514718338,93.988571,49.32782608695652
2017-04-01,,6.5,6.9486,0.4900000000000002,6.99,19.067,10.418845529198741,90.286391,51.060526315789474
2017-05-01,,6.71,7.23,0.54,7.25,18.5121,-17.11569162639074,85.577869,48.47636363636364
2017-06-01,,6.96,7.39,0.2400000000000002,7.2,17.8973,-41.03192665403143,85.375636,45.177727272727275
2017-07-01,,6.99,7.3816,0.2599999999999998,7.25,17.6886,-13.226881335756241,84.711468,46.630526315789474
2017-08-01,,6.91,7.3853,0.3099999999999996,7.22,17.876,-3.3700423785093707,85.391347,48.03695652173913
2017-09-01,,7.0,7.3846,0.20000000000000018,7.2,18.1979,22.984287780050767,86.872116,49.822
2017-10-01,,7.02,7.42,0.16000000000000014,7.18,19.1474,63.625825131560696,91.455438,51.57772727272727
2017-11-01,,7.01,7.45,0.28000000000000025,7.29,18.5848,-33.35498434776514,97.28412,56.63857142857143
2017-12-01,,7.22,7.6556,0.11000000000000032,7.33,19.7354,65.20992628766648,98.034087,57.8815
2018-01-01,,7.25,7.7443,0.5499999999999998,7.8,18.6196,-66.24135816116899,100.424681291169,63.698571428571434
2018-02-01,,7.49,7.87,0.20999999999999996,7.7,18.6456,14.500176428921895,102.006469355173,62.22947368421052
2018-03-01,,7.49,7.8675,0.34999999999999964,7.84,18.3445,-36.36759571996057,102.30426551536,62.724761904761905
2018-04-01,,7.45,7.8602,0.28000000000000025,7.73,18.8644,33.47771130612598,98.51923032704,66.25380952380952
2018-05-01,,7.48,7.9118,0.45999999999999996,7.94,19.7499,73.58258873070753,96.165149675595,69.97818181818182
2018-06-01,,7.7,8.1375,0.41999999999999904,8.12,19.8633,-17.22565382615791,98.371252673611,67.87333333333333
2018-07-01,24.56563037799538,7.72,8.1625,0.46999999999999975,8.19,18.5515,-65.46753471903207,99.649900761891,70.98142857142857
2018-08-01,24.821378816224176,7.72,8.1442,0.45999999999999996,8.18,19.0659,33.85296236074801,101.5808169823,68.05565217391305
2018-09-01,24.194932469256912,7.65,8.175,0.6099999999999994,8.26,18.812,-28.88196340864505,103.5496707089,70.2321052631579
2018-10-01,25.585370662460573,7.72,8.24,0.5100000000000007,8.23,19.8022,98.08124603686394,107.0922737115,70.74869565217391
2018-11-01,25.366509291027633,7.97,8.4485,0.5200000000000005,8.49,20.4108,1.6407958644408507,110.1885972069,56.963499999999996
2018-12-01,24.294117647058826,8.17,8.6347,0.5299999999999994,8.7,19.6829,-41.665622473966344,109.4304118429,49.522777777777776
2019-01-01,24.243511657679324,7.86,8.6075,0.6799999999999988,8.54,18.9972,-37.991283583175786,107.8173809875,51.37571428571429
2019-02-01,24.85714840074118,8.1,8.5439,0.09999999999999964,8.2,19.163,13.905297958239132,108.7106075588,54.95473684210527
2019-03-01,24.54259925006765,7.85,8.4975,0.22000000000000064,8.07,19.3793,7.27978919126692,110.6447894447,58.151428571428575
2019-04-01,23.889269880518878,7.75,8.505,0.40000000000000036,8.15,18.9414,-23.00801443318228,106.974299075,63.862380952380946
2019-05-01,23.93750060542656,8.05,8.5175,0.2599999999999998,8.31,19.2395,39.28893715116261,102.4234844307,60.82681818181818
2019-06-01,23.5926775670626,8.18,8.4833,-0.019999999999999574,8.16,19.1685,-26.80485078351649,100.8401418316,54.657500000000006
2019-07-01,22.283314205252346,8.15,8.4155,-0.08999999999999986,8.06,19.09,-13.557691542040718,100.4030292824,57.35809523809524
2019-08-01,23.575576348027393,7.87,8.22,-0.08999999999999986,7.78,20.0988,66.16920869630454,100.0287461109,54.80590909090909
2019-09-01,23.35475553674165,7.61,7.9355,-0.20000000000000018,7.41,19.6363,-20.205431123560277,100.3549015845,56.947
2019-10-01,23.803622862501552,7.62,7.8226,-0.4400000000000004,7.18,19.1167,-33.2747568929109,103.6647837849,53.96304347826087
2019-11-01,23.986482638163764,7.46,7.6225,-0.3200000000000003,7.14,19.6113,21.094268964589045,108.2103502161,57.048947368421054
2019-12-01,23.590443106084923,7.25,7.4465,-0.07000000000000028,7.18,18.8452,-41.94242465382264,108.8413839371,59.81666666666667
2020-01-01,23.31658008210659,7.04,7.4,0.040000000000000036,7.08,18.7067,2.79569335715594,108.7460954164,57.519047619047626
2020-02-01,23.833509528576375,6.91,7.2133,-0.23000000000000043,6.68,19.3973,53.848069040295435,108.1251247782,50.54263157894737
2020-03-01,27.170388812969172,6.59,6.5975,0.020000000000000462,6.61,23.5122,206.25607681314443,103.6120784786,29.207727272727276
2020-04-01,28.30532835326935,5.84,6.1515,-0.040000000000000036,5.8,24.3882,22.455256290787315,90.7145103408,16.547619047619047
2020-05-01,25.745464478815393,5.38,5.7141,-0.34999999999999964,5.03,22.204,-91.16408438068794,90.8099806428,28.5625
2020-06-01,26.54197464939153,4.85,5.245,0.0600000000000005,4.91,22.9715,48.33302184963665,96.2363157808,38.307272727272725
2020-07-01,27.14707196306913,4.63,5.1725,-0.019999999999999574,4.61,21.9907,-47.06755833751296,99.9891390165,40.710454545454546
2020-08-01,27.020404757710885,4.5,4.759,-0.019999999999999574,4.48,22.1168,-17.049360037536026,100.2944409952,42.33904761904762
2020-09-01,26.283367556468175,4.25,4.553,0.20000000000000018,4.45,22.4573,13.942807394909416,99.9600166051,39.63428571428571
2020-10-01,25.36635593064519,4.22,4.5077,0.15000000000000036,4.37,21.377,-49.39560705833746,102.9289991579,39.39590909090909
2020-11-01,24.709432644962153,4.28,4.4765,0.08000000000000007,4.36,20.0467,-64.43590195932231,104.9075512437,40.93736842105263
2020-12-01,24.905235606885633,4.24,4.466,0.08000000000000007,4.32,19.9487,-13.849361558813095,106.0884157974,47.025
2021-01-01,25.174122130478178,4.22,4.41,0.0,4.22,20.2697,18.90330242633466,111.6377530467,52.008421052631576
2021-02-01,26.290134977954505,4.02,4.2525,0.13000000000000078,4.15,20.8523,41.64464959927599,115.5136511404,59.04631578947369
2021-03-01,25.158821004435545,4.08,4.248,0.2599999999999998,4.34,20.6047,-28.94362016961085,118.6914165268,62.333043478260876
2021-04-01,25.026740351189947,4.06,4.26,0.5800000000000001,4.64,19.9712,-15.231285025963551,116.13530329,61.71666666666666
2021-05-01,25.18978108682696,4.07,4.2575,0.71,4.78,19.9487,-15.613820091177502,111.6624752848,65.1695
2021-06-01,24.417349448760376,4.03,4.5835,0.7699999999999996,4.8,19.8027,-0.9099240910531534,112.7173232666,71.37818181818182
2021-07-01,24.383983392269663,4.35,4.576,1.1100000000000003,5.46,19.8448,-3.6647517773015226,114.4006964586,72.4852380952381
2021-08-01,24.250695791885796,4.49,4.8035,0.9799999999999995,5.47,20.2293,12.930511519877335,110.3920216787,67.73045454545455
2021-09-01,24.105810595020984,4.69,4.81,0.8199999999999994,5.51,20.306,29.647913504437565,111.6408758558,71.64619047619047
2021-10-01,24.487586642552415,4.93,5.139,1.3000000000000007,6.23,20.3255,-1.904020646708184,116.7612793204,81.47666666666666
2021-11-01,24.478286164060094,5.05,5.397,1.4300000000000006,6.48,21.8185,52.35946678034562,121.0719796181,79.14750000000001
2021-12-01,23.631636376035736,5.49,5.855,1.1899999999999995,6.68,20.5835,-56.018282842194466,118.2843338834,71.71181818181819
2022-01-01,23.439772207250726,5.5,5.8798,1.4900000000000002,6.99,20.7383,9.809700780721531,119.1765274246,83.22200000000001
2022-02-01,22.994595775796135,5.94,6.415,1.2299999999999995,7.17,20.6525,-12.245332252031066,121.2561106215,91.64105263157894
2022-03-01,21.749848117910435,6.52,6.9265,1.5300000000000011,8.05,19.9942,-30.61382928512451,124.9027109558,108.50260869565217
2022-04-01,21.19676514166991,6.68,7.13,1.8900000000000006,8.57,20.567,27.501948428008816,122.9935764428,101.7775
2022-05-01,20.486192593082247,6.9,7.535,1.9499999999999993,8.85,19.5965,-40.66398841370859,118.6975062065,109.55238095238094
2022-06-01,19.976156140408378,7.56,8.2905,1.9000000000000012,9.46,19.9847,26.485288270177286,119.1219819437,114.83714285714285
2022-07-01,20.161775710056283,8.05,8.4337,1.6799999999999997,9.73,20.3778,12.746525656898099,119.7527770669,101.619
2022-08-01,18.855520463962907,8.35,9.0499,1.2599999999999998,9.61,19.9945,-14.971747959130251,119.3790288302,93.66521739130435
2022-09-01,17.848777002673174,9.25,9.479,1.0399999999999991,10.29,20.3058,-0.22095763299353174,118.515992264,84.25809523809524
2022-10-01,18.257687027044287,9.0,10.0831,1.7699999999999996,10.77,19.8365,-16.113677499395937,120.3801975086,87.5547619047619
2022-11-01,18.490202147670182,9.7,10.622,1.1400000000000006,10.84,19.325,-26.191090920033275,123.8430038153,84.37047619047618
2022-12-01,18.518872847451732,10.1,10.9749,0.7699999999999996,10.87,19.3615,4.6310647165714665,121.7312718069,76.43714285714286
2023-01-01,18.189200226173273,10.8,10.9937,0.28999999999999915,11.09,18.7872,-42.51618087214534,122.1834140714,78.123
2023-02-01,17.32814769692142,11.04,11.4184,0.620000000000001,11.66,18.4023,-29.01066203711146,123.0737249001,76.83263157894737
2023-03-01,17.390352756077235,11.34,11.5974,0.5400000000000009,11.88,18.1052,-20.005795029666068,122.0739353339,73.27782608695652
2023-04-01,17.474817509718534,11.27,11.6212,0.5,11.77,18.0723,-2.9301604503183056,117.8105404295,79.44631578947369
2023-05-01,17.12626089129009,11.25,11.52,0.3000000000000007,11.55,17.5605,-17.171306415292744,112.1949645665,71.57818181818182
2023-06-01,16.902678334659242,11.02,11.4977,0.28000000000000114,11.3,17.072,-41.704314055794335,110.8430893321,70.24809523809525
2023-07-01,16.707339791356183,11.09,11.506,0.2699999999999996,11.36,16.7338,-28.738074726224237,110.3830707427,76.0695
2023-08-01,16.558570380948705,11.07,11.5045,0.41000000000000014,11.48,16.8402,13.317104155512146,112.2238122845,81.38608695652174
2023-09-01,16.41638487549954,11.05,11.5066,0.5800000000000001,11.63,17.6195,34.65694985788967,113.0535815702,89.425
2023-10-01,16.81683498074405,11.26,11.511,0.4900000000000002,11.75,18.0752,42.25714832008026,117.2572577597,85.63952380952381
2023-11-01,16.706835558598655,10.78,11.505,0.7400000000000002,11.52,17.1357,-44.996206075640785,121.8144737545,77.685
2023-12-01,16.29357950639481,11.26,11.475,-0.07000000000000028,11.19,16.8935,-31.776031362123845,121.8006310024,71.9
2024-01-01,16.302946351690313,11.28,11.6703,-0.06999999999999851,11.21,17.2333,17.203358984052834,122.4404001688,74.15238095238095
2024-02-01,16.14732086085532,11.0,11.6497,0.2400000000000002,11.24,17.0605,-7.012109964527932,125.8755427594,77.249
2024-03-01,15.554395256032521,10.9,11.4543,0.23000000000000043,11.13,16.678,-37.936698220037094,126.0360596318,81.27799999999999
2024-04-01,15.959236541210098,11.04,11.3926,0.1800000000000015,11.22,17.1552,40.22013143507256,122.9701494959,85.34727272727274
2024-05-01,16.14615883717288,11.03,11.3926,0.370000000000001,11.4,16.95,-5.494608512329733,117.5949209442,80.02454545454545
2024-06-01,17.15923443838507,10.88,11.4132,0.5099999999999998,11.39,18.3773,83.74865512594744,117.850064927,79.76736842105262
2024-07-01,17.559392072233702,10.87,11.4029,0.5300000000000011,11.4,18.6818,22.74690308530152,120.5033364563,81.80045454545454
2024-08-01,19.033915875688354,10.65,11.1563,0.27999999999999936,10.93,19.8168,66.30619453771942,121.1052583671,76.68318181818182
2024-09-01,19.353101116990004,10.35,10.8995,0.20000000000000107,10.55,19.629,-0.5801895907922602,120.8799731668,70.236
2024-10-01,19.00495512614377,10.2,10.9201,0.15000000000000036,10.35,20.0208,23.818249889076966,123.2327904822,71.985
2024-11-01,18.795334148329257,9.95,10.6737,0.41000000000000014,10.36,20.4173,16.853023600173312,128.2150291798,69.95
2024-12-01,18.871177029191948,9.74,10.6327,0.23000000000000043,9.97,20.2683,27.149554675321653,128.7788853597,70.11809523809524
2025-01-01,18.48600941139053,9.87,10.366,0.02000000000000135,9.89,20.5677,-10.401823881541205,130.2019025909,75.74249999999999
2025-02-01,18.62008563643441,9.44,9.8332,-0.019999999999999574,9.42,20.4277,-5.767277389683539,130.5806780071,71.53315789473685
2025-03-01,19.00374386501965,9.02,9.3318,0.040000000000000924,9.06,20.3182,-4.102968877724258,129.4623519476,68.23904761904762
2025-04-01,18.75977653631285,8.65,9.3727,-0.07000000000000028,8.58,19.5723,-49.65812460255578,126.0082392267,63.53666666666667
2025-05-01,18.653044024797875,8.12,8.8309,0.2400000000000002,8.36,19.328,-13.767964072917216,121.7144815909,62.16761904761905
2025-06-01,18.379829778141804,8.0,8.3409,0.3000000000000007,8.3,18.8928,-34.70348337669919,121.3480675665,68.16900000000001
2025-07-01,17.66074726523654,7.48,8.2899,0.8099999999999987,8.29,18.7642,-2.353473428734009,121.4423874238,68.39090909090909
2025-08-01,17.817870757523053,7.27,8.086,0.7100000000000009,7.98,18.6522,-9.762796134521299,121.4506461036,64.86428571428571
2025-09-01,17.44838771361998,7.2,7.933,0.5699999999999994,7.77,18.3825,-20.10745240341687,121.3122405502,63.959047619047624
2025-10-01,17.207073700849634,7.1,7.8311,0.41000000000000014,7.51,18.4072,15.496588643412691,124.5525750416,60.89454545454546
2025-11-01,17.00543306810614,7.15,7.6579,0.4299999999999997,7.58,18.3467,-17.245416108883838,128.9113627855,60.06222222222222
2025-12-01,16.933138518756728,7.07,7.3932,0.54,7.61,17.9667,-20.2468675348559,129.0143819138,57.972272727272724
2026-01-01,16.631821600690866,6.95,7.3423,0.5300000000000002,7.48,17.2532,-45.52994024816378,128.6946288059,60.037
2026-02-01,,6.84,7.3016,,,17.27,-11.046009966906466,,63.42181818181818
