Date,CPI,PCE,CORE_CPI,CORE_PCE
1947-01-01,21.48,,,
1947-02-01,21.62,,,
1947-03-01,22.0,,,
1947-04-01,22.0,,,
1947-05-01,21.95,,,
1947-06-01,22.08,,,
1947-07-01,22.23,,,
1947-08-01,22.4,,,
1947-09-01,22.84,,,
1947-10-01,22.91,,,
1947-11-01,23.06,,,
1947-12-01,23.41,,,
1948-01-01,23.68,,,
1948-02-01,23.67,,,
1948-03-01,23.5,,,
1948-04-01,23.82,,,
1948-05-01,24.01,,,
1948-06-01,24.15,,,
1948-07-01,24.4,,,
1948-08-01,24.43,,,
1948-09-01,24.36,,,
1948-10-01,24.31,,,
1948-11-01,24.16,,,
1948-12-01,24.05,,,
1949-01-01,24.01,,,
1949-02-01,23.91,,,
1949-03-01,23.91,,,
1949-04-01,23.92,,,
1949-05-01,23.91,,,
1949-06-01,23.92,,,
1949-07-01,23.7,,,
1949-08-01,23.7,,,
1949-09-01,23.75,,,
1949-10-01,23.67,,,
1949-11-01,23.7,,,
1949-12-01,23.61,,,
1950-01-01,23.51,,,
1950-02-01,23.61,,,
1950-03-01,23.64,,,
1950-04-01,23.65,,,
1950-05-01,23.77,,,
1950-06-01,23.88,,,
1950-07-01,24.07,,,
1950-08-01,24.2,,,
1950-09-01,24.34,,,
1950-10-01,24.5,,,
1950-11-01,24.6,,,
1950-12-01,24.98,,,
1951-01-01,25.38,,,
1951-02-01,25.83,,,
1951-03-01,25.88,,,
1951-04-01,25.92,,,
1951-05-01,25.99,,,
1951-06-01,25.93,,,
1951-07-01,25.91,,,
1951-08-01,25.86,,,
1951-09-01,26.03,,,
1951-10-01,26.16,,,
1951-11-01,26.32,,,
1951-12-01,26.47,,,
1952-01-01,26.45,,,
1952-02-01,26.41,,,
1952-03-01,26.39,,,
1952-04-01,26.46,,,
1952-05-01,26.47,,,
1952-06-01,26.53,,,
1952-07-01,26.68,,,
1952-08-01,26.69,,,
1952-09-01,26.63,,,
1952-10-01,26.69,,,
1952-11-01,26.69,,,
1952-12-01,26.71,,,
1953-01-01,26.64,,,
1953-02-01,26.59,,,
1953-03-01,26.63,,,
1953-04-01,26.69,,,
1953-05-01,26.7,,,
1953-06-01,26.77,,,
1953-07-01,26.79,,,
1953-08-01,26.85,,,
1953-09-01,26.89,,,
1953-10-01,26.95,,,
1953-11-01,26.85,,,
1953-12-01,26.87,,,
1954-01-01,26.94,,,
1954-02-01,26.99,,,
1954-03-01,26.93,,,
1954-04-01,26.86,,,
1954-05-01,26.93,,,
1954-06-01,26.94,,,
1954-07-01,26.86,,,
1954-08-01,26.85,,,
1954-09-01,26.81,,,
1954-10-01,26.72,,,
1954-11-01,26.78,,,
1954-12-01,26.77,,,
1955-01-01,26.77,,,
1955-02-01,26.82,,,
1955-03-01,26.79,,,
1955-04-01,26.79,,,
1955-05-01,26.77,,,
1955-06-01,26.71,,,
1955-07-01,26.76,,,
1955-08-01,26.72,,,
1955-09-01,26.85,,,
1955-10-01,26.82,,,
1955-11-01,26.88,,,
1955-12-01,26.87,,,
1956-01-01,26.83,,,
1956-02-01,26.86,,,
1956-03-01,26.89,,,
1956-04-01,26.93,,,
1956-05-01,27.03,,,
1956-06-01,27.15,,,
1956-07-01,27.29,,,
1956-08-01,27.31,,,
1956-09-01,27.35,,,
1956-10-01,27.51,,,
1956-11-01,27.51,,,
1956-12-01,27.63,,,
1957-01-01,27.67,,28.5,
1957-02-01,27.8,,28.6,
1957-03-01,27.86,,28.7,
1957-04-01,27.93,,28.8,
1957-05-01,28.0,,28.8,
1957-06-01,28.11,,28.9,
1957-07-01,28.19,,29.0,
1957-08-01,28.28,,29.0,
1957-09-01,28.32,,29.1,
1957-10-01,28.32,,29.2,
1957-11-01,28.41,,29.3,
1957-12-01,28.47,,29.3,
1958-01-01,28.64,,29.3,
1958-02-01,28.7,,29.4,
1958-03-01,28.87,,29.5,
1958-04-01,28.94,,29.5,
1958-05-01,28.94,,29.5,
1958-06-01,28.91,,29.6,
1958-07-01,28.89,,29.6,
1958-08-01,28.94,,29.6,
1958-09-01,28.91,,29.7,
1958-10-01,28.91,,29.7,
1958-11-01,28.95,,29.8,
1958-12-01,28.97,,29.9,
1959-01-01,29.01,15.164,29.9,15.501
1959-02-01,29.0,15.179,29.9,15.513
1959-03-01,28.97,15.189,30.0,15.531
1959-04-01,28.98,15.219,30.0,15.57
1959-05-01,29.04,15.227,30.1,15.589
1959-06-01,29.11,15.271,30.2,15.635
1959-07-01,29.15,15.303,30.2,15.672
1959-08-01,29.18,15.325,30.2,15.697
1959-09-01,29.25,15.365,30.3,15.738
1959-10-01,29.35,15.402,30.4,15.765
1959-11-01,29.35,15.412,30.4,15.794
1959-12-01,29.41,15.43,30.5,15.818
1960-01-01,29.37,15.421,30.5,15.822
1960-02-01,29.41,15.437,30.6,15.852
1960-03-01,29.41,15.446,30.6,15.853
1960-04-01,29.54,15.502,30.6,15.882
1960-05-01,29.57,15.518,30.6,15.908
1960-06-01,29.61,15.525,30.7,15.917
1960-07-01,29.55,15.553,30.6,15.945
1960-08-01,29.61,15.579,30.6,15.968
1960-09-01,29.61,15.588,30.6,15.981
1960-10-01,29.75,15.606,30.8,15.99
1960-11-01,29.78,15.659,30.8,16.033
1960-12-01,29.81,15.662,30.7,16.028
1961-01-01,29.84,15.665,30.8,16.032
1961-02-01,29.84,15.679,30.8,16.048
1961-03-01,29.84,15.67,30.9,16.053
1961-04-01,29.81,15.661,30.9,16.075
1961-05-01,29.84,15.67,30.9,16.096
1961-06-01,29.84,15.677,31.0,16.12
1961-07-01,29.92,15.711,31.0,16.145
1961-08-01,29.94,15.724,31.1,16.162
1961-09-01,29.98,15.742,31.1,16.194
1961-10-01,29.98,15.741,31.1,16.199
1961-11-01,29.98,15.742,31.2,16.202
1961-12-01,30.01,15.746,31.2,16.216
1962-01-01,30.04,15.776,31.2,16.235
1962-02-01,30.11,15.818,31.2,16.262
1962-03-01,30.17,15.839,31.3,16.3
1962-04-01,30.21,15.857,31.3,16.303
1962-05-01,30.24,15.867,31.4,16.326
1962-06-01,30.21,15.877,31.4,16.356
1962-07-01,30.22,15.868,31.4,16.37
1962-08-01,30.28,15.891,31.5,16.372
1962-09-01,30.42,15.969,31.5,16.404
1962-10-01,30.38,15.953,31.5,16.403
1962-11-01,30.38,15.964,31.5,16.415
1962-12-01,30.38,15.958,31.6,16.42
1963-01-01,30.44,15.997,31.5,16.451
1963-02-01,30.48,16.014,31.6,16.47
1963-03-01,30.51,16.001,31.7,16.48
1963-04-01,30.48,16.0,31.7,16.5
1963-05-01,30.51,16.026,31.7,16.53
1963-06-01,30.61,16.061,31.8,16.558
1963-07-01,30.69,16.093,31.8,16.573
1963-08-01,30.75,16.115,31.9,16.588
1963-09-01,30.72,16.112,31.9,16.618
1963-10-01,30.75,16.143,32.0,16.655
1963-11-01,30.78,16.166,32.0,16.67
1963-12-01,30.88,16.19,32.1,16.694
1964-01-01,30.94,16.224,32.2,16.717
1964-02-01,30.91,16.247,32.2,16.749
1964-03-01,30.94,16.257,32.2,16.765
1964-04-01,30.95,16.269,32.2,16.78
1964-05-01,30.98,16.271,32.2,16.794
1964-06-01,31.01,16.294,32.3,16.806
1964-07-01,31.02,16.315,32.3,16.823
1964-08-01,31.05,16.327,32.3,16.845
1964-09-01,31.08,16.352,32.3,16.852
1964-10-01,31.12,16.362,32.4,16.859
1964-11-01,31.21,16.385,32.5,16.883
1964-12-01,31.25,16.409,32.5,16.907
1965-01-01,31.28,16.427,32.6,16.93
1965-02-01,31.28,16.434,32.6,16.95
1965-03-01,31.31,16.455,32.6,16.96
1965-04-01,31.38,16.481,32.7,16.98
1965-05-01,31.48,16.518,32.7,17.011
1965-06-01,31.61,16.566,32.7,17.007
1965-07-01,31.58,16.578,32.7,17.024
1965-08-01,31.55,16.582,32.7,17.056
1965-09-01,31.62,16.59,32.8,17.076
1965-10-01,31.65,16.595,32.8,17.07
1965-11-01,31.75,16.623,32.9,17.102
1965-12-01,31.85,16.683,33.0,17.154
1966-01-01,31.88,16.703,33.0,17.159
1966-02-01,32.08,16.772,33.1,17.201
1966-03-01,32.18,16.813,33.1,17.223
1966-04-01,32.28,16.871,33.3,17.285
1966-05-01,32.35,16.892,33.4,17.331
1966-06-01,32.38,16.934,33.5,17.387
1966-07-01,32.45,16.967,33.6,17.438
1966-08-01,32.65,17.032,33.7,17.47
1966-09-01,32.75,17.086,33.8,17.524
1966-10-01,32.85,17.131,34.0,17.581
1966-11-01,32.88,17.156,34.0,17.625
1966-12-01,32.92,17.192,34.1,17.679
1967-01-01,32.9,17.193,34.2,17.695
1967-02-01,33.0,17.213,34.2,17.727
1967-03-01,33.0,17.222,34.3,17.754
1967-04-01,33.1,17.251,34.4,17.803
1967-05-01,33.1,17.284,34.5,17.842
1967-06-01,33.3,17.339,34.6,17.887
1967-07-01,33.4,17.398,34.7,17.948
1967-08-01,33.5,17.452,34.9,18.003
1967-09-01,33.6,17.505,35.0,18.067
1967-10-01,33.7,17.554,35.1,18.134
1967-11-01,33.9,17.612,35.2,18.192
1967-12-01,34.0,17.64,35.4,18.237
1968-01-01,34.1,17.722,35.5,18.318
1968-02-01,34.2,17.794,35.7,18.397
1968-03-01,34.3,17.852,35.8,18.47
1968-04-01,34.4,17.908,35.9,18.538
1968-05-01,34.5,17.974,36.0,18.608
1968-06-01,34.7,18.032,36.2,18.681
1968-07-01,34.9,18.087,36.4,18.743
1968-08-01,35.0,18.161,36.5,18.816
1968-09-01,35.1,18.224,36.7,18.892
1968-10-01,35.3,18.304,36.9,18.969
1968-11-01,35.4,18.366,37.1,19.041
1968-12-01,35.6,18.404,37.2,19.098
1969-01-01,35.7,18.476,37.3,19.17
1969-02-01,35.8,18.523,37.6,19.236
1969-03-01,36.1,18.61,37.8,19.326
1969-04-01,36.3,18.692,38.1,19.4
1969-05-01,36.4,18.767,38.1,19.478
1969-06-01,36.6,18.858,38.3,19.545
1969-07-01,36.8,18.941,38.5,19.636
1969-08-01,36.9,18.993,38.7,19.691
1969-09-01,37.1,19.072,38.9,19.77
1969-10-01,37.3,19.137,39.1,19.855
1969-11-01,37.5,19.22,39.2,19.931
1969-12-01,37.7,19.308,39.4,20.005
1970-01-01,37.9,19.377,39.6,20.071
1970-02-01,38.1,19.454,39.8,20.148
1970-03-01,38.3,19.502,40.1,20.223
1970-04-01,38.5,19.601,40.4,20.303
1970-05-01,38.6,19.663,40.5,20.375
1970-06-01,38.8,19.714,40.8,20.448
1970-07-01,38.9,19.786,40.9,20.526
1970-08-01,39.0,19.838,41.1,20.597
1970-09-01,39.2,19.927,41.3,20.683
1970-10-01,39.4,20.026,41.5,20.785
1970-11-01,39.6,20.105,41.8,20.892
1970-12-01,39.8,20.194,42.0,20.997
1971-01-01,39.9,20.237,42.1,21.08
1971-02-01,39.9,20.296,42.2,21.16
1971-03-01,40.0,20.363,42.2,21.228
1971-04-01,40.1,20.443,42.4,21.307
1971-05-01,40.3,20.528,42.6,21.4
1971-06-01,40.5,20.619,42.8,21.485
1971-07-01,40.6,20.681,42.9,21.567
1971-08-01,40.7,20.741,43.0,21.597
1971-09-01,40.8,20.772,43.0,21.633
1971-10-01,40.9,20.804,43.1,21.667
1971-11-01,41.0,20.847,43.2,21.716
1971-12-01,41.1,20.929,43.3,21.784
1972-01-01,41.2,21.015,43.5,21.877
1972-02-01,41.4,21.098,43.6,21.936
1972-03-01,41.4,21.128,43.6,21.979
1972-04-01,41.5,21.16,43.8,22.03
1972-05-01,41.6,21.207,43.9,22.081
1972-06-01,41.7,21.239,44.0,22.126
1972-07-01,41.8,21.315,44.1,22.189
1972-08-01,41.9,21.377,44.3,22.236
1972-09-01,42.1,21.473,44.3,22.31
1972-10-01,42.2,21.497,44.4,22.323
1972-11-01,42.4,21.561,44.4,22.382
1972-12-01,42.5,21.63,44.6,22.449
1973-01-01,42.7,21.695,44.6,22.463
1973-02-01,43.0,21.809,44.8,22.534
1973-03-01,43.4,21.964,45.0,22.625
1973-04-01,43.7,22.127,45.1,22.756
1973-05-01,43.9,22.236,45.3,22.844
1973-06-01,44.2,22.363,45.4,22.943
1973-07-01,44.2,22.444,45.5,23.041
1973-08-01,45.0,22.703,45.7,23.148
1973-09-01,45.2,22.793,46.0,23.265
1973-10-01,45.6,22.922,46.3,23.355
1973-11-01,45.9,23.11,46.5,23.468
1973-12-01,46.3,23.3,46.7,23.598
1974-01-01,46.8,23.523,46.9,23.714
1974-02-01,47.3,23.797,47.2,23.865
1974-03-01,47.8,24.073,47.6,24.051
1974-04-01,48.1,24.243,47.9,24.231
1974-05-01,48.6,24.482,48.5,24.464
1974-06-01,49.0,24.69,49.0,24.715
1974-07-01,49.3,24.872,49.5,24.934
1974-08-01,49.9,25.132,50.2,25.174
1974-09-01,50.6,25.393,50.7,25.4
1974-10-01,51.0,25.575,51.2,25.599
1974-11-01,51.5,25.767,51.6,25.786
1974-12-01,51.9,25.971,52.0,25.968
1975-01-01,52.3,26.132,52.3,26.119
1975-02-01,52.6,26.274,52.8,26.304
1975-03-01,52.8,26.363,53.0,26.441
1975-04-01,53.0,26.452,53.3,26.57
1975-05-01,53.1,26.558,53.5,26.683
1975-06-01,53.5,26.724,53.8,26.813
1975-07-01,54.0,26.953,54.0,26.978
1975-08-01,54.2,27.07,54.2,27.071
1975-09-01,54.6,27.204,54.5,27.218
1975-10-01,54.9,27.362,54.8,27.354
1975-11-01,55.3,27.538,55.2,27.535
1975-12-01,55.6,27.69,55.5,27.702
1976-01-01,55.8,27.795,55.9,27.844
1976-02-01,55.9,27.831,56.2,27.955
1976-03-01,56.0,27.873,56.5,28.047
1976-04-01,56.1,27.936,56.7,28.157
1976-05-01,56.4,28.069,57.0,28.29
1976-06-01,56.7,28.192,57.2,28.405
1976-07-01,57.0,28.335,57.6,28.561
1976-08-01,57.3,28.491,57.9,28.726
1976-09-01,57.6,28.651,58.2,28.894
1976-10-01,57.9,28.801,58.5,29.036
1976-11-01,58.1,28.932,58.7,29.168
1976-12-01,58.4,29.094,58.9,29.326
1977-01-01,58.7,29.263,59.3,29.505
1977-02-01,59.3,29.492,59.7,29.686
1977-03-01,59.6,29.64,60.0,29.812
1977-04-01,60.0,29.812,60.3,29.959
1977-05-01,60.2,29.963,60.6,30.112
1977-06-01,60.5,30.131,61.0,30.292
1977-07-01,60.8,30.287,61.2,30.479
1977-08-01,61.1,30.428,61.5,30.629
1977-09-01,61.3,30.543,61.8,30.758
1977-10-01,61.6,30.685,62.0,30.907
1977-11-01,62.0,30.861,62.3,31.067
1977-12-01,62.3,31.011,62.7,31.227
1978-01-01,62.7,31.194,63.1,31.414
1978-02-01,63.0,31.339,63.4,31.535
1978-03-01,63.4,31.542,63.8,31.706
1978-04-01,63.9,31.781,64.3,31.911
1978-05-01,64.5,32.008,64.7,32.099
1978-06-01,65.0,32.217,65.2,32.278
1978-07-01,65.5,32.393,65.6,32.468
1978-08-01,65.9,32.557,66.1,32.642
1978-09-01,66.5,32.742,66.7,32.83
1978-10-01,67.1,33.003,67.2,33.071
1978-11-01,67.5,33.19,67.6,33.249
1978-12-01,67.9,33.345,68.0,33.378
1979-01-01,68.5,33.597,68.5,33.549
1979-02-01,69.2,33.776,69.2,33.659
1979-03-01,69.9,34.04,69.8,33.852
1979-04-01,70.6,34.395,70.3,34.165
1979-05-01,71.4,34.751,70.8,34.462
1979-06-01,72.2,35.038,71.3,34.655
1979-07-01,73.0,35.305,71.9,34.829
1979-08-01,73.7,35.575,72.7,35.06
1979-09-01,74.4,35.889,73.3,35.299
1979-10-01,75.2,36.182,74.0,35.557
1979-11-01,76.0,36.433,74.8,35.784
1979-12-01,76.9,36.739,75.7,36.041
1980-01-01,78.0,37.124,76.7,36.315
1980-02-01,79.0,37.526,77.5,36.677
1980-03-01,80.1,37.987,78.6,37.017
1980-04-01,80.9,38.185,79.5,37.207
1980-05-01,81.7,38.482,80.1,37.507
1980-06-01,82.5,38.725,81.0,37.756
1980-07-01,82.6,39.026,80.8,38.021
1980-08-01,83.2,39.351,81.3,38.296
1980-09-01,83.9,39.715,82.1,38.657
1980-10-01,84.7,40.033,83.0,38.975
1980-11-01,85.6,40.359,83.9,39.282
1980-12-01,86.4,40.621,84.9,39.518
1981-01-01,87.2,41.011,85.4,39.861
1981-02-01,88.0,41.426,85.9,40.152
1981-03-01,88.6,41.715,86.4,40.375
1981-04-01,89.1,41.897,87.0,40.633
1981-05-01,89.7,42.085,87.8,40.913
1981-06-01,90.5,42.253,88.6,41.117
1981-07-01,91.5,42.508,89.8,41.365
1981-08-01,92.2,42.774,90.7,41.642
1981-09-01,93.1,43.033,91.8,41.915
1981-10-01,93.4,43.228,92.1,42.165
1981-11-01,93.8,43.46,92.5,42.411
1981-12-01,94.1,43.594,93.0,42.568
1982-01-01,94.4,43.853,93.3,42.829
1982-02-01,94.7,43.985,93.8,42.994
1982-03-01,94.7,44.098,93.9,43.182
1982-04-01,95.0,44.12,94.7,43.353
1982-05-01,95.9,44.382,95.4,43.589
1982-06-01,97.0,44.704,96.1,43.808
1982-07-01,97.5,44.969,96.7,44.092
1982-08-01,97.7,45.108,97.1,44.295
1982-09-01,97.7,45.233,97.2,44.459
1982-10-01,98.1,45.487,97.5,44.741
1982-11-01,98.0,45.624,97.3,44.906
1982-12-01,97.7,45.693,97.2,45.049
1983-01-01,97.9,45.906,97.6,45.357
1983-02-01,98.0,45.984,98.0,45.525
1983-03-01,98.1,46.043,98.2,45.583
1983-04-01,98.8,46.253,98.6,45.721
1983-05-01,99.2,46.384,98.9,45.787
1983-06-01,99.4,46.557,99.2,46.001
1983-07-01,99.8,46.82,99.8,46.311
1983-08-01,100.1,47.02,100.1,46.55
1983-09-01,100.4,47.185,100.5,46.738
1983-10-01,100.8,47.265,101.0,46.821
1983-11-01,101.1,47.332,101.5,46.93
1983-12-01,101.4,47.358,101.8,46.965
1984-01-01,102.1,47.564,102.5,47.121
1984-02-01,102.6,47.884,102.8,47.418
1984-03-01,102.9,48.041,103.2,47.598
1984-04-01,103.3,48.224,103.7,47.822
1984-05-01,103.5,48.285,104.1,47.933
1984-06-01,103.7,48.371,104.5,48.046
1984-07-01,104.1,48.544,105.0,48.253
1984-08-01,104.4,48.693,105.4,48.412
1984-09-01,104.7,48.759,105.8,48.486
1984-10-01,105.1,48.874,106.2,48.595
1984-11-01,105.3,48.943,106.4,48.698
1984-12-01,105.5,49.081,106.8,48.891
1985-01-01,105.7,49.326,107.1,49.165
1985-02-01,106.3,49.555,107.7,49.42
1985-03-01,106.8,49.749,108.1,49.593
1985-04-01,107.0,49.821,108.4,49.652
1985-05-01,107.2,49.939,108.8,49.823
1985-06-01,107.5,50.075,109.1,49.988
1985-07-01,107.7,50.198,109.4,50.134
1985-08-01,107.9,50.364,109.8,50.38
1985-09-01,108.1,50.449,110.0,50.484
1985-10-01,108.5,50.533,110.5,50.565
1985-11-01,109.0,50.68,111.1,50.689
1985-12-01,109.5,50.85,111.4,50.827
1986-01-01,109.9,51.084,111.9,51.101
1986-02-01,109.7,51.084,112.2,51.233
1986-03-01,109.1,50.972,112.5,51.389
1986-04-01,108.7,50.868,112.9,51.482
1986-05-01,109.0,50.961,113.1,51.57
1986-06-01,109.4,51.151,113.4,51.725
1986-07-01,109.5,51.164,113.8,51.819
1986-08-01,109.6,51.228,114.2,51.925
1986-09-01,110.0,51.396,114.6,52.096
1986-10-01,110.2,51.488,115.0,52.273
1986-11-01,110.4,51.58,115.3,52.384
1986-12-01,110.8,51.651,115.6,52.452
1987-01-01,111.4,51.894,115.9,52.578
1987-02-01,111.8,52.076,116.2,52.685
1987-03-01,112.2,52.214,116.6,52.841
1987-04-01,112.7,52.409,117.3,53.065
1987-05-01,113.0,52.542,117.7,53.214
1987-06-01,113.5,52.741,117.9,53.36
1987-07-01,113.8,52.863,118.3,53.498
1987-08-01,114.3,53.072,118.7,53.679
1987-09-01,114.7,53.251,119.2,53.892
1987-10-01,115.0,53.42,119.8,54.122
1987-11-01,115.4,53.521,120.1,54.235
1987-12-01,115.6,53.62,120.4,54.349
1988-01-01,116.0,53.828,120.9,54.606
1988-02-01,116.2,53.908,121.2,54.718
1988-03-01,116.5,54.093,121.7,54.952
1988-04-01,117.2,54.356,122.3,55.219
1988-05-01,117.5,54.514,122.7,55.407
1988-06-01,118.0,54.746,123.2,55.641
1988-07-01,118.5,55.012,123.6,55.868
1988-08-01,119.0,55.175,124.0,56.007
1988-09-01,119.5,55.444,124.7,56.307
1988-10-01,119.9,55.625,125.2,56.521
1988-11-01,120.3,55.754,125.6,56.676
1988-12-01,120.7,55.928,126.0,56.864
1989-01-01,121.2,56.215,126.5,57.152
1989-02-01,121.6,56.402,126.9,57.297
1989-03-01,122.2,56.612,127.4,57.468
1989-04-01,123.1,56.989,127.8,57.661
1989-05-01,123.7,57.197,128.3,57.833
1989-06-01,124.1,57.322,128.8,57.987
1989-07-01,124.5,57.459,129.2,58.136
1989-08-01,124.5,57.466,129.5,58.217
1989-09-01,124.8,57.594,129.9,58.419
1989-10-01,125.4,57.819,130.6,58.631
1989-11-01,125.9,57.945,131.1,58.787
1989-12-01,126.3,58.113,131.6,58.954
1990-01-01,127.5,58.553,132.1,59.181
1990-02-01,128.0,58.811,132.7,59.468
1990-03-01,128.6,59.033,133.5,59.754
1990-04-01,128.9,59.157,134.0,59.932
1990-05-01,129.1,59.29,134.4,60.115
1990-06-01,129.9,59.552,135.1,60.349
1990-07-01,130.5,59.699,135.8,60.501
1990-08-01,131.6,60.096,136.6,60.753
1990-09-01,132.5,60.465,137.1,60.965
1990-10-01,133.4,60.811,137.6,61.172
1990-11-01,133.7,60.888,138.0,61.246
1990-12-01,134.2,60.945,138.6,61.331
1991-01-01,134.7,61.177,139.5,61.637
1991-02-01,134.8,61.208,140.2,61.807
1991-03-01,134.8,61.221,140.5,61.936
1991-04-01,135.1,61.332,140.9,62.06
1991-05-01,135.6,61.586,141.3,62.307
1991-06-01,136.0,61.69,141.8,62.442
1991-07-01,136.2,61.787,142.3,62.632
1991-08-01,136.6,61.931,142.9,62.804
1991-09-01,137.0,62.144,143.4,63.055
1991-10-01,137.2,62.26,143.7,63.194
1991-11-01,137.8,62.397,144.2,63.312
1991-12-01,138.2,62.553,144.7,63.468
1992-01-01,138.3,62.638,145.1,63.641
1992-02-01,138.6,62.797,145.4,63.814
1992-03-01,139.1,62.949,145.9,63.973
1992-04-01,139.4,63.119,146.3,64.183
1992-05-01,139.7,63.203,146.8,64.273
1992-06-01,140.1,63.315,147.1,64.323
1992-07-01,140.5,63.524,147.6,64.566
1992-08-01,140.8,63.609,147.9,64.625
1992-09-01,141.1,63.713,148.1,64.73
1992-10-01,141.7,63.938,148.8,64.979
1992-11-01,142.1,64.064,149.2,65.121
1992-12-01,142.3,64.176,149.6,65.242
1993-01-01,142.8,64.332,150.1,65.432
1993-02-01,143.1,64.429,150.6,65.557
1993-03-01,143.3,64.561,150.8,65.7
1993-04-01,143.8,64.733,151.4,65.891
1993-05-01,144.2,64.933,151.8,66.114
1993-06-01,144.3,64.955,152.1,66.177
1993-07-01,144.5,65.059,152.3,66.314
1993-08-01,144.8,65.17,152.8,66.438
1993-09-01,145.0,65.238,152.9,66.538
1993-10-01,145.6,65.443,153.4,66.647
1993-11-01,146.0,65.567,153.9,66.819
1993-12-01,146.3,65.582,154.3,66.849
1994-01-01,146.3,65.604,154.5,66.902
1994-02-01,146.7,65.756,154.8,67.047
1994-03-01,147.1,65.937,155.3,67.275
1994-04-01,147.2,66.015,155.5,67.376
1994-05-01,147.5,66.111,155.9,67.526
1994-06-01,147.9,66.272,156.4,67.676
1994-07-01,148.4,66.481,156.7,67.818
1994-08-01,149.0,66.634,157.1,67.894
1994-09-01,149.3,66.708,157.5,67.997
1994-10-01,149.4,66.821,157.8,68.157
1994-11-01,149.8,66.948,158.2,68.282
1994-12-01,150.1,66.991,158.3,68.305
1995-01-01,150.5,67.127,159.0,68.475
1995-02-01,150.9,67.246,159.4,68.587
1995-03-01,151.2,67.37,159.9,68.755
1995-04-01,151.8,67.547,160.4,68.915
1995-05-01,152.1,67.651,160.7,69.032
1995-06-01,152.4,67.717,161.1,69.092
1995-07-01,152.6,67.802,161.4,69.201
1995-08-01,152.9,67.948,161.8,69.367
1995-09-01,153.1,67.995,162.2,69.458
1995-10-01,153.5,68.171,162.7,69.627
1995-11-01,153.7,68.169,163.0,69.672
1995-12-01,153.9,68.3,163.1,69.77
1996-01-01,154.7,68.452,163.7,69.849
1996-02-01,155.0,68.56,164.0,69.94
1996-03-01,155.5,68.767,164.4,70.102
1996-04-01,156.1,68.973,164.6,70.197
1996-05-01,156.4,69.092,165.0,70.319
1996-06-01,156.7,69.091,165.4,70.373
1996-07-01,157.0,69.237,165.7,70.505
1996-08-01,157.2,69.303,166.0,70.566
1996-09-01,157.7,69.499,166.5,70.78
1996-10-01,158.2,69.709,166.8,70.948
1996-11-01,158.7,69.833,167.2,71.041
1996-12-01,159.1,69.914,167.4,71.068
1997-01-01,159.4,70.005,167.8,71.144
1997-02-01,159.7,70.151,168.1,71.29
1997-03-01,159.8,70.225,168.4,71.46
1997-04-01,159.9,70.294,168.9,71.6
1997-05-01,159.9,70.262,169.2,71.652
1997-06-01,160.2,70.352,169.4,71.758
1997-07-01,160.4,70.394,169.7,71.807
1997-08-01,160.8,70.45,169.8,71.778
1997-09-01,161.2,70.62,170.2,71.927
1997-10-01,161.5,70.712,170.6,72.036
1997-11-01,161.7,70.716,170.8,72.058
1997-12-01,161.8,70.701,171.2,72.1
1998-01-01,162.0,70.736,171.6,72.21
1998-02-01,162.0,70.699,171.9,72.272
1998-03-01,162.0,70.71,172.2,72.349
1998-04-01,162.2,70.798,172.5,72.482
1998-05-01,162.6,70.895,172.9,72.552
1998-06-01,162.8,70.835,173.2,72.461
1998-07-01,163.2,71.01,173.5,72.665
1998-08-01,163.4,71.108,174.0,72.807
1998-09-01,163.5,71.067,174.2,72.795
1998-10-01,163.9,71.223,174.4,72.937
1998-11-01,164.1,71.226,174.8,72.95
1998-12-01,164.4,71.298,175.4,73.076
1999-01-01,164.7,71.398,175.6,73.18
1999-02-01,164.7,71.358,175.6,73.155
1999-03-01,164.8,71.412,175.7,73.177
1999-04-01,165.9,71.757,176.3,73.365
1999-05-01,166.0,71.804,176.5,73.435
1999-06-01,166.0,71.826,176.6,73.474
1999-07-01,166.7,72.017,177.1,73.606
1999-08-01,167.1,72.148,177.3,73.642
1999-09-01,167.8,72.407,177.8,73.837
1999-10-01,168.1,72.529,178.1,73.963
1999-11-01,168.4,72.594,178.4,74.034
1999-12-01,168.8,72.763,178.7,74.128
2000-01-01,169.3,72.961,179.3,74.306
2000-02-01,170.0,73.191,179.4,74.415
2000-03-01,171.0,73.505,180.0,74.568
2000-04-01,170.9,73.444,180.3,74.617
2000-05-01,171.2,73.505,180.7,74.697
2000-06-01,172.2,73.754,181.1,74.754
2000-07-01,172.7,73.939,181.5,74.925
2000-08-01,172.7,73.934,181.9,75.021
2000-09-01,173.6,74.252,182.3,75.203
2000-10-01,173.9,74.353,182.6,75.308
2000-11-01,174.2,74.457,183.1,75.441
2000-12-01,174.6,74.571,183.3,75.515
2001-01-01,175.6,74.932,183.9,75.796
2001-02-01,176.0,75.048,184.4,75.93
2001-03-01,176.1,75.055,184.7,76.009
2001-04-01,176.4,75.187,185.1,76.13
2001-05-01,177.3,75.385,185.3,76.148
2001-06-01,177.7,75.518,186.0,76.318
2001-07-01,177.4,75.493,186.4,76.515
2001-08-01,177.4,75.484,186.7,76.553
2001-09-01,178.1,75.227,187.1,76.118
2001-10-01,177.6,75.492,187.4,76.654
2001-11-01,177.5,75.441,188.1,76.81
2001-12-01,177.4,75.363,188.4,76.828
2002-01-01,177.7,75.431,188.7,76.871
2002-02-01,178.0,75.558,189.1,77.018
2002-03-01,178.5,75.763,189.2,77.11
2002-04-01,179.3,76.08,189.7,77.325
2002-05-01,179.5,76.13,190.0,77.411
2002-06-01,179.6,76.225,190.2,77.534
2002-07-01,180.0,76.393,190.5,77.692
2002-08-01,180.5,76.543,191.1,77.845
2002-09-01,180.8,76.681,191.3,77.972
2002-10-01,181.2,76.821,191.5,78.038
2002-11-01,181.5,76.897,191.9,78.114
2002-12-01,181.8,76.971,192.1,78.187
2003-01-01,182.6,77.201,192.4,78.24
2003-02-01,183.6,77.526,192.5,78.348
2003-03-01,183.9,77.725,192.5,78.474
2003-04-01,183.2,77.593,192.5,78.561
2003-05-01,182.9,77.504,192.9,78.674
2003-06-01,183.1,77.588,193.0,78.718
2003-07-01,183.7,77.816,193.4,78.915
2003-08-01,184.5,78.079,193.6,79.004
2003-09-01,185.1,78.323,193.7,79.114
2003-10-01,184.9,78.333,194.0,79.26
2003-11-01,185.0,78.432,194.0,79.368
2003-12-01,185.5,78.605,194.2,79.467
2004-01-01,186.3,78.909,194.6,79.671
2004-02-01,186.7,79.077,194.9,79.8
2004-03-01,187.1,79.199,195.5,79.934
2004-04-01,187.4,79.346,195.9,80.142
2004-05-01,188.2,79.604,196.2,80.252
2004-06-01,188.9,79.831,196.6,80.379
2004-07-01,189.1,79.905,196.8,80.474
2004-08-01,189.2,79.946,196.9,80.505
2004-09-01,189.8,80.104,197.5,80.656
2004-10-01,190.8,80.448,197.9,80.831
2004-11-01,191.7,80.758,198.3,81.005
2004-12-01,191.7,80.801,198.6,81.109
2005-01-01,191.6,80.907,199.0,81.401
2005-02-01,192.4,81.132,199.4,81.536
2005-03-01,193.1,81.375,200.1,81.737
2005-04-01,193.7,81.603,200.2,81.831
2005-05-01,193.6,81.649,200.5,81.999
2005-06-01,193.7,81.7,200.6,82.056
2005-07-01,194.9,82.046,200.9,82.176
2005-08-01,196.1,82.377,201.1,82.243
2005-09-01,198.8,83.172,201.3,82.425
2005-10-01,199.1,83.305,202.0,82.662
2005-11-01,198.1,83.131,202.5,82.873
2005-12-01,198.1,83.131,202.8,82.959
2006-01-01,199.3,83.534,203.2,83.145
2006-02-01,199.4,83.584,203.6,83.279
2006-03-01,199.7,83.746,204.3,83.509
2006-04-01,200.7,84.135,204.8,83.764
2006-05-01,201.3,84.361,205.4,83.974
2006-06-01,201.8,84.569,205.9,84.186
2006-07-01,202.9,84.858,206.3,84.268
2006-08-01,203.8,85.125,206.8,84.44
2006-09-01,202.8,84.902,207.2,84.573
2006-10-01,201.9,84.702,207.6,84.726
2006-11-01,202.0,84.731,207.8,84.766
2006-12-01,203.1,85.032,208.1,84.88
2007-01-01,203.437,85.316,208.6,85.224
2007-02-01,204.226,85.581,209.135,85.408
2007-03-01,205.288,85.894,209.418,85.494
2007-04-01,205.904,86.096,209.747,85.616
2007-05-01,206.755,86.346,210.058,85.717
2007-06-01,207.234,86.529,210.392,85.859
2007-07-01,207.603,86.661,210.773,85.988
2007-08-01,207.667,86.72,211.119,86.116
2007-09-01,208.547,87.054,211.554,86.351
2007-10-01,209.19,87.318,212.077,86.576
2007-11-01,210.834,87.781,212.66,86.746
2007-12-01,211.445,87.984,213.168,86.92
2008-01-01,212.174,88.206,213.771,87.093
2008-02-01,212.687,88.382,213.939,87.178
2008-03-01,213.448,88.635,214.42,87.349
2008-04-01,213.942,88.799,214.56,87.4
2008-05-01,215.208,89.18,214.936,87.559
2008-06-01,217.463,89.827,215.424,87.76
2008-07-01,219.016,90.245,215.965,87.918
2008-08-01,218.69,90.172,216.393,88.026
2008-09-01,218.877,90.247,216.713,88.116
2008-10-01,216.995,89.651,216.788,87.991
2008-11-01,213.153,88.593,216.947,87.952
2008-12-01,211.398,88.098,216.925,87.909
2009-01-01,211.933,88.108,217.346,87.882
2009-02-01,212.705,88.266,217.792,87.952
2009-03-01,212.495,88.169,218.253,88.015
2009-04-01,212.709,88.295,218.706,88.211
2009-05-01,213.022,88.387,218.904,88.279
2009-06-01,214.79,88.912,219.112,88.392
2009-07-01,214.726,88.922,219.263,88.468
2009-08-01,215.445,89.18,219.496,88.599
2009-09-01,215.861,89.324,219.92,88.755
2009-10-01,216.509,89.663,220.501,89.082
2009-11-01,217.234,89.887,220.666,89.16
2009-12-01,217.347,89.939,220.881,89.236
2010-01-01,217.488,90.136,220.633,89.368
2010-02-01,217.281,90.134,220.731,89.446
2010-03-01,217.353,90.261,220.783,89.579
2010-04-01,217.403,90.31,220.822,89.625
2010-05-01,217.29,90.339,220.962,89.724
2010-06-01,217.199,90.301,221.194,89.767
2010-07-01,217.605,90.378,221.363,89.769
2010-08-01,217.923,90.502,221.509,89.855
2010-09-01,218.275,90.592,221.711,89.906
2010-10-01,219.035,90.881,221.83,90.043
2010-11-01,219.59,91.062,222.149,90.16
2010-12-01,220.472,91.268,222.343,90.179
2011-01-01,221.187,91.542,222.803,90.372
2011-02-01,221.898,91.797,223.213,90.53
2011-03-01,223.046,92.166,223.454,90.667
2011-04-01,224.093,92.557,223.727,90.875
2011-05-01,224.806,92.838,224.175,91.091
2011-06-01,224.806,92.819,224.697,91.191
2011-07-01,225.395,92.977,225.218,91.326
2011-08-01,226.106,93.196,225.862,91.508
2011-09-01,226.597,93.327,226.118,91.57
2011-10-01,226.75,93.329,226.506,91.614
2011-11-01,227.169,93.52,226.899,91.808
2011-12-01,227.223,93.574,227.405,91.96
2012-01-01,227.842,93.894,227.877,92.235
2012-02-01,228.329,94.104,228.034,92.364
2012-03-01,228.807,94.284,228.478,92.521
2012-04-01,229.187,94.408,228.905,92.661
2012-05-01,228.713,94.302,229.224,92.755
2012-06-01,228.524,94.254,229.623,92.85
2012-07-01,228.59,94.288,229.97,92.946
2012-08-01,229.918,94.605,230.233,93.005
2012-09-01,231.015,94.893,230.659,93.119
2012-10-01,231.638,95.174,231.024,93.345
2012-11-01,231.249,95.109,231.33,93.445
2012-12-01,231.221,95.094,231.725,93.514
2013-01-01,231.679,95.275,232.229,93.703
2013-02-01,232.937,95.614,232.569,93.805
2013-03-01,232.282,95.488,232.794,93.891
2013-04-01,231.797,95.391,232.832,93.937
2013-05-01,231.893,95.461,232.996,94.047
2013-06-01,232.445,95.673,233.35,94.209
2013-07-01,232.9,95.792,233.88,94.329
2013-08-01,233.456,95.934,234.336,94.431
2013-09-01,233.544,95.976,234.7,94.543
2013-10-01,233.669,96.103,234.921,94.703
2013-11-01,234.1,96.246,235.359,94.86
2013-12-01,234.719,96.414,235.759,94.961
2014-01-01,235.288,96.614,235.961,95.064
2014-02-01,235.547,96.66,236.185,95.109
2014-03-01,236.028,96.815,236.625,95.25
2014-04-01,236.468,96.987,237.072,95.413
2014-05-01,236.918,97.147,237.529,95.574
2014-06-01,237.231,97.253,237.837,95.682
2014-07-01,237.498,97.391,238.195,95.848
2014-08-01,237.46,97.379,238.405,95.885
2014-09-01,237.477,97.413,238.786,96.013
2014-10-01,237.43,97.384,239.191,96.096
2014-11-01,236.983,97.291,239.458,96.181
2014-12-01,236.252,97.12,239.584,96.249
2015-01-01,234.747,96.654,239.811,96.214
2015-02-01,235.342,96.825,240.172,96.324
2015-03-01,235.976,97.008,240.755,96.47
2015-04-01,236.222,97.094,241.346,96.648
2015-05-01,237.001,97.327,241.688,96.766
2015-06-01,237.657,97.516,242.064,96.882
2015-07-01,238.034,97.605,242.565,96.978
2015-08-01,238.033,97.612,242.817,97.056
2015-09-01,237.498,97.477,243.316,97.196
2015-10-01,237.733,97.477,243.768,97.228
2015-11-01,238.017,97.538,244.241,97.332
2015-12-01,237.761,97.456,244.547,97.396
2016-01-01,237.652,97.496,244.955,97.567
2016-02-01,237.336,97.445,245.51,97.736
2016-03-01,238.08,97.673,245.913,97.876
2016-04-01,238.992,97.993,246.551,98.117
2016-05-01,239.557,98.153,247.137,98.284
2016-06-01,240.222,98.325,247.54,98.386
2016-07-01,240.101,98.342,247.829,98.529
2016-08-01,240.545,98.479,248.423,98.703
2016-09-01,241.176,98.666,248.842,98.834
2016-10-01,241.741,98.868,249.142,98.961
2016-11-01,242.026,98.901,249.481,99.005
2016-12-01,242.637,99.071,249.92,99.12
2017-01-01,243.618,99.451,250.467,99.385
2017-02-01,244.006,99.586,250.998,99.561
2017-03-01,243.892,99.535,250.944,99.519
2017-04-01,244.193,99.725,251.227,99.723
2017-05-01,244.004,99.682,251.43,99.803
2017-06-01,244.163,99.766,251.746,99.937
2017-07-01,244.243,99.803,251.985,100.01
2017-08-01,245.183,100.027,252.535,100.118
2017-09-01,246.435,100.4,252.812,100.24
2017-10-01,246.626,100.531,253.526,100.486
2017-11-01,247.284,100.675,253.816,100.535
2017-12-01,247.805,100.821,254.344,100.683
2018-01-01,248.859,101.199,255.204,101.007
2018-02-01,249.529,101.416,255.711,101.198
2018-03-01,249.577,101.524,256.271,101.419
2018-04-01,250.227,101.766,256.63,101.602
2018-05-01,250.792,101.941,257.145,101.78
2018-06-01,251.018,102.029,257.399,101.872
2018-07-01,251.214,102.137,257.699,102.006
2018-08-01,251.663,102.208,257.891,102.016
2018-09-01,252.182,102.418,258.368,102.205
2018-10-01,252.772,102.595,258.917,102.366
2018-11-01,252.594,102.63,259.439,102.556
2018-12-01,252.767,102.701,260.063,102.735
2019-01-01,252.561,102.648,260.766,102.87
2019-02-01,253.319,102.836,261.186,102.963
2019-03-01,254.277,103.069,261.567,103.058
2019-04-01,255.233,103.36,261.997,103.265
2019-05-01,255.296,103.435,262.217,103.371
2019-06-01,255.213,103.484,262.739,103.56
2019-07-01,255.802,103.622,263.28,103.678
2019-08-01,256.036,103.67,263.877,103.797
2019-09-01,256.43,103.733,264.388,103.873
2019-10-01,257.155,103.917,264.97,104.028
2019-11-01,257.879,104.024,265.548,104.092
2019-12-01,258.63,104.307,266.02,104.322
2020-01-01,259.127,104.49,266.716,104.507
2020-02-01,259.25,104.573,267.37,104.711
2020-03-01,258.076,104.271,267.054,104.632
2020-04-01,256.032,103.838,265.746,104.293
2020-05-01,255.802,103.942,265.412,104.402
2020-06-01,257.042,104.27,265.849,104.565
2020-07-01,258.352,104.578,267.389,104.937
2020-08-01,259.316,104.87,268.422,105.243
2020-09-01,259.997,105.057,268.933,105.41
2020-10-01,260.319,105.151,269.306,105.507
2020-11-01,260.911,105.258,269.981,105.605
2020-12-01,262.045,105.699,270.341,105.896
2021-01-01,262.687,106.147,270.387,106.281
2021-02-01,263.579,106.5,270.793,106.501
2021-03-01,264.961,107.054,271.459,106.933
2021-04-01,266.614,107.618,273.66,107.558
2021-05-01,268.383,108.175,275.465,108.099
2021-06-01,270.654,108.76,277.651,108.603
2021-07-01,271.903,109.256,278.648,109.058
2021-08-01,272.676,109.674,278.997,109.409
2021-09-01,273.91,110.034,279.698,109.641
2021-10-01,276.55,110.762,281.668,110.188
2021-11-01,278.919,111.5,283.406,110.77
2021-12-01,280.845,112.191,285.18,111.418
2022-01-01,282.543,112.805,286.757,111.976
2022-02-01,284.5,113.471,288.273,112.468
2022-03-01,287.674,114.469,289.056,112.914
2022-04-01,288.561,114.812,290.514,113.307
2022-05-01,291.298,115.525,292.063,113.703
2022-06-01,294.957,116.638,294.05,114.376
2022-07-01,294.913,116.631,295.088,114.628
2022-08-01,295.097,116.956,296.535,115.276
2022-09-01,296.349,117.371,298.226,115.788
2022-10-01,298.007,117.919,299.399,116.204
2022-11-01,298.786,118.224,300.325,116.539
2022-12-01,298.832,118.384,301.394,116.952
2023-01-01,300.42,119.018,302.642,117.505
2023-02-01,301.45,119.369,304.123,117.929
2023-03-01,301.821,119.538,305.147,118.315
2023-04-01,302.845,119.951,306.534,118.734
2023-05-01,303.334,120.15,307.652,119.083
2023-06-01,304.014,120.469,308.322,119.39
2023-07-01,304.609,120.607,308.96,119.556
2023-08-01,306.082,120.97,309.58,119.689
2023-09-01,307.276,121.419,310.539,120.058
2023-10-01,307.696,121.484,311.457,120.241
2023-11-01,308.148,121.493,312.392,120.374
2023-12-01,308.741,121.66,313.195,120.592
2024-01-01,309.698,122.23,314.319,121.217
2024-02-01,310.967,122.598,315.564,121.537
2024-03-01,312.345,123.038,316.792,122.009
2024-04-01,313.023,123.341,317.649,122.304
2024-05-01,313.175,123.348,318.095,122.383
2024-06-01,313.044,123.539,318.39,122.677
2024-07-01,313.569,123.736,318.94,122.911
2024-08-01,314.062,123.889,319.75,123.128
2024-09-01,314.732,124.164,320.732,123.466
2024-10-01,315.631,124.494,321.731,123.832
2024-11-01,316.528,124.637,322.657,123.962
2024-12-01,317.604,124.979,323.259,124.196
2025-01-01,318.961,125.417,324.638,124.587
2025-02-01,319.679,125.921,325.465,125.145
2025-03-01,319.785,125.941,325.69,125.267
2025-04-01,320.302,126.15,326.467,125.502
2025-05-01,320.62,126.38,326.893,125.79
2025-06-01,321.435,126.743,327.658,126.121
2025-07-01,322.169,126.96,328.682,126.43
2025-08-01,323.291,127.293,329.7,126.714
2025-09-01,324.245,127.625,330.418,126.954
2025-10-01,,127.879,,127.252
2025-11-01,325.063,128.149,331.043,127.465
2025-12-01,326.031,128.605,331.814,127.918
2026-01-01,326.588,,332.793,
